feature,mean_difference,median_difference,std_difference,wilcoxon_statistic,p_value,rank_biserial,point_biserial_r,control_mean,control_median,control_std,control_q1,control_q3,control_iqr,control_min,control_max,control_range,control_skewness,control_kurtosis,control_n_outliers,retracted_mean,retracted_median,retracted_std,retracted_q1,retracted_q3,retracted_iqr,retracted_min,retracted_max,retracted_range,retracted_skewness,retracted_kurtosis,retracted_n_outliers,q_value,significant
pos_prop_ADJ,-0.010931921116483233,-0.010473083556132197,0.02183221027082372,59182.0,1.0345348259033114e-33,-0.5257301529424492,-0.3013114181806155,0.0893309197267862,0.08893256348386461,0.0178468456932757,0.07707279717968471,0.10048878183019974,0.02341598465051503,0.0448711366670089,0.1513117754728493,0.1064406388058404,0.39595158625799837,0.23933475128368986,8,0.07839899861030296,0.07637473963324284,0.01675547484948514,0.0665867148201579,0.0879071256394546,0.021320410819296698,0.0450255603617774,0.1434153966393122,0.09838983627753478,0.9343271910386735,1.1816006216775632,15,9.00045298535881e-32,True
pos_prop_NOUN,0.015551491922836471,0.015396036297315507,0.03066676261399334,59500.0,2.110497439298032e-33,0.5231817799343674,0.29666124837706154,0.3087369442075382,0.3097306323953245,0.026933930986561706,0.2919376939637439,0.32682241143762597,0.034884717473882054,0.2061098988295973,0.4126596980255517,0.2065497991959544,-0.2155425560672917,0.36697305845266115,9,0.32428843613037467,0.3258334145203785,0.023009444598243924,0.31034286716088955,0.33939617602985367,0.029053308868964123,0.2316032295271049,0.3880122726276572,0.1564090431005523,-0.5388421038961572,0.735691149800676,12,9.180663860946439e-32,True
duplicate_ngram_chr_fraction_5,0.044807998117692524,0.043322205724824515,0.10249240337586454,64336.0,7.085132835239778e-29,0.48442727720768836,0.2725651907590909,0.15164670331942612,0.13793580979843906,0.07711680351915634,0.0935806651574286,0.19948581620839162,0.10590515105096301,0.0099601593625498,0.4953324881871614,0.4853723288246116,1.0903123712932972,1.7542879287325235,15,0.19645470143711866,0.1923373465827928,0.08111415560710251,0.13551539153631187,0.24209976608365005,0.10658437454733818,0.0374323326771653,0.5043830074173972,0.4669506747402319,0.6007461082334234,0.4222688849280316,13,2.054688522219536e-27,True
duplicate_ngram_chr_fraction_6,0.03736076991243212,0.03800303229966114,0.09177747774328636,66766.0,9.887160745073798e-27,0.464953860825176,0.2545777121911212,0.10890132016508679,0.0940283704764701,0.06795891444480674,0.05834396032602585,0.14681123277948396,0.08846727245345812,0.0031872509960159,0.4391912248792082,0.4360039738831923,1.37814948595352,2.8482632783959074,16,0.1462620900775189,0.13948835127528444,0.07393644328773682,0.0910480228540015,0.1855331223971973,0.0944850995431958,0.01198375084631,0.4553980758055143,0.4434143249592043,0.8420104855395846,0.9764752641207037,20,2.150457462053551e-25,True
duplicate_ngram_chr_fraction_7,0.030234070115695014,0.0276475447134037,0.08240642397668935,71362.0,6.530327974248027e-23,0.4281226584819551,0.23084315500613212,0.08209873838879915,0.06775793545819195,0.06042966855076171,0.03744185604773497,0.11307892981024754,0.07563707376251258,0.0,0.4152225582199806,0.4152225582199806,1.5781449424675345,3.7372046342347627,19,0.11233280850449417,0.10198135986198725,0.06692982270008578,0.06315016863043177,0.14891835940390324,0.08576819077347148,0.0050595873083605,0.4076483502292245,0.40258876292086404,1.044070747346626,1.4881434128942743,22,1.1362770675191567e-21,True
duplicate_ngram_chr_fraction_8,0.024866304649645038,0.0197306008481792,0.07430919276496596,75495.0,9.682492264102819e-20,0.39500182312848847,0.21072949504111796,0.0650524693621683,0.05118131964235395,0.05443775854458695,0.024798415894771747,0.09039363438602002,0.06559521849124827,0.0,0.3903723623866008,0.3903723623866008,1.7419397414035884,4.5859434275367175,21,0.08991877401181333,0.07732717184560745,0.060818798701175326,0.04370603047568373,0.12326798658189561,0.07956195610621189,0.0,0.3703590107832376,0.3703590107832376,1.1728668683851946,1.7804113091470857,20,1.4039613782949089e-18,True
passive_voice_rate,0.04750748009077896,0.04663951150488865,0.13455451764637283,77183.0,2.4474596394174585e-18,0.37971992847527775,0.2282786828029049,0.5151561382505054,0.5204718799765318,0.10492715989882424,0.4468710888610763,0.5892730675839741,0.14240197872289784,0.1197916666666666,0.8,0.6802083333333334,-0.3311003096034701,0.24406959147099805,5,0.5626636183412844,0.5676183702499492,0.09770455770485774,0.5051173656691512,0.6287337662337662,0.12361640056461498,0.2554112554112554,0.8404907975460123,0.5850795421347569,-0.17771489011910313,0.046798672945540076,9,3.0418426947045554e-17,True
duplicate_ngram_chr_fraction_9,0.02110388167168129,0.015773505143942348,0.06821994045101065,78739.0,1.995725537839839e-17,0.3690052129454144,0.1964765306066595,0.0536137917771246,0.0391024642181249,0.04952240751194782,0.0177465787675166,0.07612208856759325,0.05837550980007665,0.0,0.3701418257696642,0.3701418257696642,1.8682200694064202,5.3334257757284576,23,0.07471767344880591,0.0618505335632815,0.055689760354592686,0.0333124412975672,0.10410376645625924,0.07079132515869205,0.0,0.3358946212952799,0.3358946212952799,1.271947894843227,2.0497431188476547,23,2.170351522400825e-16,True
modal_verb_rate,-1.1619618533920837,-1.0566483749854638,3.559254327734121,79848.0,1.137579647976523e-16,-0.36011796242351873,-0.22415453385783013,5.463169391706436,5.0814442628506065,2.6958641528340213,3.4790189397083338,6.923304259411253,3.4442853197029195,0.5381407237992736,23.828756058158323,23.29061533435905,1.297900692106677,3.983638536560143,14,4.301207538314352,3.892132633319339,2.347549608454132,2.6584439805804925,5.5869949114352995,2.928550930854807,0.20631318341242,14.606741573033707,14.400428389621288,1.0786986832217655,1.7031963332478366,20,1.0886637827001107e-15,True
negation_rate,-0.8599900310916111,-0.7706768517873626,2.7401001452596083,79909.5,1.251337681264495e-16,-0.3596251167002576,-0.19662685225934406,3.8580186484585584,3.585514982284548,2.213909333255016,2.172883588280557,5.161387808046485,2.9885042197659284,0.0,13.392857142857142,13.392857142857142,0.8598776398880733,0.910803563877419,13,2.9980286173669466,2.5640750032350574,2.0752235432599977,1.495926275407728,4.049993758794669,2.5540674833869406,0.0,13.10861423220974,13.10861423220974,1.2340866798106072,2.0351893555366267,21,1.0886637827001107e-15,True
duplicate_ngram_chr_fraction_10,0.01842180736768013,0.013116010513774399,0.06311082292637887,79190.0,4.480781611157483e-16,0.35447320154880785,0.1867231306322956,0.045084261464250625,0.03156219366479135,0.045375239776269415,0.012683622744005876,0.0649380131503956,0.052254390406389725,0.0,0.3542854592320653,0.3542854592320653,2.0192511616028423,6.410194744836197,24,0.06350606883193076,0.05177388005777815,0.05142771285572115,0.025216735641409325,0.0880555063901379,0.06283877074872857,0.0,0.3144411441854458,0.3144411441854458,1.3650493691767134,2.3999657854193597,26,3.543890910642736e-15,True
pos_prop_DET,-0.006401463150374995,-0.0061895360152017555,0.02085849970549154,81457.0,1.320621713597174e-15,-0.34722383610275237,-0.19322251711002142,0.06836165177487004,0.06695211860047776,0.017371757232542927,0.056179626023677175,0.07906356227224187,0.022883936248564697,0.0245132127955493,0.1396388650042992,0.1151256522087499,0.608195644577501,0.5806255433164309,10,0.06196018862449505,0.05994910871541875,0.01507583194822518,0.05124625093396094,0.07122145430498386,0.019975203371022918,0.0244507441530829,0.1255432158377595,0.10109247168467658,0.7466598453832181,0.8936362387929391,12,9.574507423579512e-15,True
acronym_density,11.838918052488586,12.250504764894774,41.756752037410244,82618.0,7.339645838832875e-15,0.33791987049777417,0.17818685877148405,64.66217175345334,61.87541569534075,34.722856219243205,40.740551862161354,85.51859402026192,44.77804215810056,0.0,398.2015217892552,398.2015217892552,1.6513470894364815,12.176876711212518,6,76.50108980594192,74.78001455251031,30.569261391552928,55.301118612221714,97.66229088311468,42.361172270892965,0.7847753580537571,230.3370786516854,229.55230329363164,0.348004248384522,0.5833771450400347,2,4.911916830603539e-14,True
n_acronym_mentions,61.36685552407932,53.5,239.19508043168935,85124.0,3.6883629268179333e-13,0.3159021959697024,0.14650522455795958,276.28186968838526,236.5,207.80150412745826,132.0,377.0,245.0,0.0,1963.0,1963.0,2.5731775439115614,14.619542797618806,20,337.64872521246457,310.0,206.84293175453766,200.25,421.75,221.5,3.0,1793.0,1790.0,1.7899927705736247,6.744711659367491,30,2.292054104522573e-12,True
n_unique_acronyms,11.305949008498583,12.0,55.39831160873141,85449.5,1.0230606056152867e-11,0.2974434025479644,0.1156321631364894,71.37252124645893,60.5,54.10461401795102,36.0,97.75,61.75,0.0,779.0,779.0,4.120180939772755,43.411114590701466,11,82.6784702549575,77.0,42.37281365723816,54.0,104.0,50.0,1.0,276.0,275.0,1.036727595373448,1.8397094077784484,20,5.933751512568662e-11,True
pos_prop_PRON,-0.0015214121659608477,-0.0010558581331163,0.005843631216594384,90285.0,1.9635222154784884e-10,-0.2764784369978883,-0.1672057432608889,0.010907595080122172,0.00993320585868765,0.0050728335067008416,0.0075234391745462,0.0135669958935454,0.006043556718999199,0.0016414371694327,0.0539575481055346,0.0523161109361019,1.8759305712895242,8.870497091415814,17,0.009386182914161325,0.0090661457485997,0.00381606820430327,0.00694115366236445,0.011428169911737075,0.004487016249372625,0.0022512381809995,0.0287658521497061,0.0265146139687066,0.9232701228497753,1.9427675710897763,15,1.067665204666428e-09,True
pos_prop_CCONJ,0.00236977345667625,0.0025107961391384014,0.009752385709204451,90612.0,2.9034915595770407e-10,0.27385794022542687,0.16563457774476256,0.035255603776641456,0.0348594793473353,0.006880518346800544,0.03070765669917725,0.03884911548199005,0.008141458782812798,0.0132127955493741,0.0767235789928679,0.0635107834434938,0.7573293573651381,2.368363241358682,17,0.03762537723331771,0.037202019042504794,0.00723465877044822,0.0328652825570687,0.04153488076912285,0.008669598212054153,0.0161377813940873,0.0701258669406627,0.053988085546575394,0.5978135650668819,1.037152911746249,16,1.4859045040188384e-09,True
mltd,-4.894705688438983,-3.754453624247539,19.768299253879,93757.0,1.042335681439136e-08,-0.24865469145052915,-0.16504074666272647,83.4821091039513,82.58199877421671,16.002149676243512,71.95178097458543,93.19804563701702,21.246264662431585,45.15424866871095,152.12582668741695,106.971578018706,0.5336454173125366,0.7528082482392056,8,78.58740341551233,78.1191240121515,13.127998914531707,69.63845381264726,87.52472594202244,17.886272129375186,39.75790280498941,123.88483625765072,84.1269334526613,0.11921666793663424,0.14982599993080203,6,5.0379557936224914e-08,True
proportion_unique_tokens,-0.012419502844571188,-0.011314128608838597,0.054718339132570855,94150.0,1.5933531720935243e-08,-0.24550528707261665,-0.13024195120861645,0.27254226844735246,0.271660751891851,0.04861360035532394,0.23923553125062322,0.3045874381608688,0.06535190691024559,0.1435773145904023,0.4366110080395795,0.2930336934491772,0.22907135752205318,0.21019413084951744,8,0.26012276560278125,0.2574908933259991,0.04596117432422098,0.22761505504207435,0.29084414165524797,0.06322908661317361,0.1328752380163921,0.4259567387687188,0.29308150075232675,0.301930912343252,0.14223095268607278,6,7.295880314322979e-08,True
second_order_coherence,-0.010048822921033075,-0.008731782465829785,0.04609530618460095,95514.0,6.679680464856229e-08,-0.23457452989329686,-0.13518355135810667,0.6708687908001557,0.6695915027863455,0.038707022333783994,0.6440080956841899,0.6969811325266811,0.05297303684249122,0.5627415152266622,0.8096428194516142,0.24690130422495205,0.18738926924203797,-0.10999561686312509,3,0.6608199678791228,0.6600539660442006,0.03489906724080937,0.6375623865118717,0.6800594123223824,0.042497025810510736,0.5435934010512975,0.8118489860598721,0.2682555850085746,0.2628580003692401,0.552983984676017,12,2.90566100221246e-07,True
ratio_defined_acronyms,-0.016507394430682908,-0.00867260590770525,0.07254281480297224,93284.0,1.32371153301758e-07,-0.2308250465871799,-0.15662600726662854,0.06337347425294686,0.0476190476190476,0.06310396949412299,0.024390243902439,0.08141157461809628,0.05702133071565728,0.0,0.5,0.5,2.6574570164559717,10.884865779404572,34,0.04686607982226395,0.04,0.037990033444659704,0.021798853320592428,0.0625,0.04070114667940757,0.0,0.32,0.32,2.2161978874120205,9.088577719457643,28,5.483947779644259e-07,True
first_order_coherence,-0.00840644451001938,-0.00810008813838542,0.04166056864787322,96356.0,1.5691233444485126e-07,-0.22782695104799838,-0.1252628372308738,0.6988048994750354,0.6987551626549382,0.03485674707257276,0.6741356862418151,0.7208674588106043,0.04673177256878924,0.600650812548159,0.8143868926498625,0.21373608010170353,0.06790977689556162,-0.013709036442696387,3,0.6903984549650162,0.6889947059468593,0.03169736406031507,0.6711474940738236,0.708431762729609,0.03728426865578538,0.5647401875601366,0.8251901194453239,0.2604499318851874,0.11649726840501749,0.7458851499215524,17,6.205169589410027e-07,True
pos_prop_VERB,0.00265045537365486,0.0029087101786979506,0.013225831906240224,97173.0,3.514252415938709e-07,0.2212797159926434,0.12838022374382504,0.07696356596263436,0.0773843308689379,0.011110522254281484,0.07006857665771093,0.08456314952428988,0.014494572866578945,0.0254694019471488,0.1089069629041856,0.0834375609570368,-0.24569470515998884,0.3050858307833719,9,0.07961402133628921,0.08005734866005525,0.009298198846436454,0.07345941933150418,0.08619608775962556,0.012736668428121378,0.044776119402985,0.1070287539936102,0.062252634590625196,-0.32622694935604996,0.21580799293640807,5,1.329304174724642e-06,True
lix,-1.3576352670448941,-0.8551844413341243,6.611407367346785,97401.0,4.3838033405601294e-07,-0.21945258062835826,-0.12784157341951702,62.59667326629733,62.05228684701548,5.596800630647545,58.764218324509926,65.21501689979667,6.45079857528674,47.51044308814204,94.7183631461456,47.207920058003566,0.7975871570045318,1.8072349655418272,19,61.23903799925243,60.925670229357436,4.921544836205671,57.77316268874485,63.90567919875025,6.132516510005402,47.87037835593247,87.30773194668916,39.437353590756686,0.7123135287761001,1.4121166505144727,17,1.5255635625149251e-06,True
pos_prop_ADV,-0.0013287617616676332,-0.0013551222289120007,0.0070213584368097985,97382.0,4.3040564438735667e-07,-0.21960484190871532,-0.12633729148098294,0.022798263753935694,0.02232680252934225,0.005368499070762035,0.019100628765966174,0.026142277271314327,0.007041648505348153,0.006606397774687,0.0438169425511197,0.0372105447764327,0.5285313137302833,0.4909428162031104,13,0.021469501992268065,0.020988688026357748,0.005067868613103639,0.018186216759411074,0.02433879507582655,0.006152578316415476,0.0024301336573511,0.0468193384223918,0.0443892047650407,0.5854429792735002,1.4730679807084517,15,1.5255635625149251e-06,True
segmented_ttr,-0.0062513377098748785,-0.005536140765689479,0.030500879005240625,97549.0,5.055692022875138e-07,-0.21826654539189244,-0.13471053504630645,0.7979003570044281,0.8001733974098496,0.023574145478262806,0.7824869708003142,0.8137365098605904,0.031249539060276277,0.6918175018698579,0.8653835643177825,0.1735660624479246,-0.41744975696072073,0.5209863506264232,9,0.7916490192945532,0.7934104773379287,0.02242686976866474,0.7785793860892278,0.808024140569803,0.029444754480575153,0.6752338530066815,0.845367922175106,0.17013406916842455,-0.8508892033831592,1.8227025408133368,14,1.691712330731296e-06,True
rix,-0.44167857758519335,-0.311951224627129,2.1647960238494957,98107.0,8.599159083151549e-07,-0.21379487200035263,-0.12677284965140714,9.678124850550795,9.434481132075472,1.852027007825531,8.414344827586206,10.500587665929205,2.086242838342999,5.561068702290076,20.91176470588235,15.350696003592276,1.1038277195245272,2.6604594736295475,23,9.236446272965601,9.09378652123101,1.5969059199985165,8.115891755923403,10.039191176470588,1.9232994205471847,5.493827160493828,18.26315789473684,12.769330734243011,0.9352639934192509,2.102599658778109,17,2.770840149015499e-06,True
pos_prop_PART,-0.0009603846113231482,-0.0010233053064654012,0.0051896989417086585,98482.0,1.221745945816429e-06,-0.21078971515119949,-0.11492985098904838,0.0156355845689529,0.0153099673624399,0.004299591263983908,0.012763486309074125,0.0181224350984545,0.005358948789380376,0.0039986091794158,0.0344749887336638,0.030476379554248,0.5669167343305554,1.0435284660911037,16,0.014675199957629753,0.0141764126533407,0.004001852072590823,0.0118586784579673,0.017184753747178774,0.005326075289211474,0.0051369863013698,0.0306077831219938,0.025470796820624,0.6863740157247725,0.7746451225688671,12,3.7961391887867617e-06,True
hdd,-0.004496651154544165,-0.0044291996320415805,0.02368916297320454,98646.0,1.4225066450200175e-06,-0.20947545988916977,-0.12052733599564641,0.8692661952968911,0.8705252303030323,0.018705946348992187,0.8578620516551723,0.8818978009304494,0.024035749275277185,0.7616490171684391,0.923450114313643,0.16180109714520385,-0.5135807085480459,1.364429953436157,9,0.8647695441423472,0.8668394964541978,0.018354815294544795,0.8544275660574226,0.8765438347813945,0.022116268723971877,0.7715797968064011,0.908888014774544,0.13730821796814285,-0.8838109890508264,2.3097080379472033,16,4.267519935060053e-06,True
polarity,-0.008506218757816925,-0.006748394067034105,0.04645167351406818,99215.0,2.3950951366458833e-06,-0.20491563523005474,-0.1260018035143632,0.06455561635403961,0.06434177951261524,0.033271146825134865,0.0444424913299364,0.08494892082814728,0.040506429498210886,-0.0610999030655518,0.1576881190362866,0.2187880221018384,-0.13601190321021736,0.5315845055828801,11,0.0560493975962227,0.05578576711710325,0.033745318634436285,0.036097063448997026,0.07654464603615418,0.04044758258715716,-0.1153178744719529,0.2230725272202544,0.3383904016922073,-0.058577260155941266,2.3789567174960506,16,6.945775896273061e-06,True
automated_readability_index,-0.5947175906742241,-0.511751809031832,3.2188315111557975,99303.0,2.593610985957124e-06,-0.20421042508945347,-0.11613854750981532,18.81281439391508,18.47517824779903,2.683020531494359,16.955260199648748,20.173799145987914,3.218538946339166,12.656705919071022,34.404928246310845,21.748222327239823,0.906582750000792,1.9121047688143396,19,18.218096803240858,17.956507538985402,2.3987481292231454,16.552171199736186,19.499755813028933,2.9475846132927472,12.601553990385383,30.21175649403884,17.610202503653458,0.952968131358729,1.9093014102341703,18,7.278843734782896e-06,True
top_ngram_chr_fraction_4,0.0012022977209488284,0.0009180920490971499,0.007992379835495375,101089.0,1.2358351081115947e-05,0.18989786473588682,0.10234318947591847,0.007096983352888239,0.0056881634432595,0.005379351391161619,0.0035901231714692253,0.009266143295993975,0.00567602012452475,0.0004253755873083,0.0441275602800103,0.043702184692702005,2.298091309347478,8.785278604209093,31,0.008299281073837065,0.0069179930317878995,0.0062802048030333405,0.004248323790049625,0.0105252551767086,0.006276931386658975,0.0,0.0722753346080306,0.0722753346080306,2.9993007811101235,19.39749322689298,29,3.359926700178398e-05,True
sentence_length_median,-0.7301699716713881,-1.0,4.210986538881728,83980.5,1.4944645521656364e-05,-0.19628578674616354,-0.10873867320255251,23.762039660056658,23.0,3.3832131822755005,22.0,26.0,4.0,16.0,48.0,32.0,1.1169341740723295,4.399066484103697,7,23.031869688385267,23.0,3.2960395172550423,21.0,25.0,4.0,15.0,40.0,25.0,0.7195549656140428,1.4068875648043235,12,3.939952001163951e-05,True
n_sentences,12.668555240793202,12.0,90.10158523748,100269.5,4.640890810024769e-05,0.17795376940451152,0.07161417611505261,179.4801699716714,159.0,88.92403501514832,118.0,219.0,101.0,34.0,855.0,821.0,1.604352430222684,5.45482890824446,28,192.1487252124646,181.0,87.6423048197461,132.25,232.0,99.75,35.0,826.0,791.0,1.5761182934421154,5.635260417318342,22,0.00011875220602122202,True
pos_prop_NUM,-0.0025321196719419537,-0.0027372949900627518,0.016599375271003445,102993.0,5.821296123791054e-05,-0.17463968169378652,-0.09540137185745273,0.041192821723730476,0.03976468131915725,0.014154878769532862,0.03227529138409008,0.04820215173242285,0.015926860348332773,0.0118466898954703,0.1721575104311543,0.160310820535684,2.6556530684379305,18.841074109518306,13,0.03866070205178852,0.0373546524399644,0.012213148569421146,0.030294998008268074,0.04476336280027526,0.014468364792007183,0.0064423765211166,0.1010306482234879,0.0945882717023713,0.8943385684041598,2.0220232733476493,18,0.0001447007893628062,True
sentence_length_mean,-0.8358078333784675,-0.7024852981614291,5.676690560811678,104396.0,0.0001691471134516141,-0.1633963882021549,-0.09200915220850579,27.921084136360676,27.246399176954732,4.584998476709498,24.903243530662884,30.231928313976766,5.328684783313882,17.469594594594593,59.6764705882353,42.20687599364071,1.1641395050460053,3.6788494170116515,23,27.085276302982212,26.396533044420366,4.466064433136251,24.139332706766915,29.231933557981097,5.092600851214183,17.338028169014084,52.56140350877193,35.22337533975785,1.1626244117971094,2.86780925744147,23,0.00040877219084140074,True
mean_word_length,-0.0385875256336479,-0.045896351028252624,0.30975241469629866,104564.0,0.0001913735366894598,-0.16205007793373433,-0.08080582086872705,4.902139579937461,4.891508201687498,0.25739739991665567,4.743945557737992,5.058547633509994,0.31460207577200183,3.249478442280946,5.986247994499198,2.7367695522182522,-0.21043372146997893,3.3824158509633824,14,4.863552054303812,4.853843042104584,0.2172144258936109,4.72505975816647,4.990879674650398,0.26581991648392833,4.153145389634371,6.489106753812636,2.3359613641782646,0.696724064565051,4.36125868862581,15,0.0004499864241076487,True
top_ngram_chr_fraction_3,0.0013394584283031997,0.0008594625214777,0.010381457310808336,105174.0,0.00029733141587713337,0.15716168945911185,0.08694803410388363,0.009261811404686014,0.0073341083219029,0.007399831500850741,0.004070211606659425,0.012502376095729302,0.008432164489069877,0.0008131458580382,0.0861350375104195,0.0853218916523813,2.8184856975188652,18.48287364099423,22,0.010601269832989216,0.008703720666599149,0.007948189660511395,0.004894958335107575,0.013984858278206351,0.009089899943098776,0.001060124185976,0.0775015933715742,0.0764414691855982,2.0329508762462454,8.283288571263899,30,0.0006807324521397527,True
pos_prop_PUNCT,0.0025060903450670915,0.0035296387612131913,0.02543603106691866,105708.0,0.0004330008395573405,0.15288234610591772,0.05798757890059904,0.14184318459851245,0.1411907078614688,0.023220687468679512,0.12821459743388908,0.15394198600156173,0.02572738856767265,0.0826821275523065,0.3460970097357441,0.26341488218343756,1.6582287868623522,11.615106037683667,15,0.14434927494357952,0.14427735072126968,0.019820818500672344,0.13120974729919666,0.15609467355236556,0.024884926253168904,0.0789830508474576,0.2636956789363535,0.18471262808889588,0.5945325210907446,3.1147409511528554,10,0.0009659249497817595,True
coleman_liau_index,-0.25429426448131515,-0.3200193492834451,2.0776679546262438,106078.0,0.000558815065934002,-0.14991725801475336,-0.08231615873422041,15.924450811415829,15.823318874766832,1.6791058842545334,14.828462111933543,16.96585741662116,2.1373953046876153,9.90010403296629,23.165691531722853,13.265587498756563,0.34632536273295506,0.7860219160830408,13,15.670156546934518,15.593638119669226,1.3880529772702697,14.752095256175288,16.43136009441844,1.679264838243153,12.040965018094088,26.84794888178914,14.806983863695052,1.165499290733165,6.0925521347689795,14,0.0012154227684064544,True
first_person_singular_rate,-0.17434568326046707,0.0,1.9042639927113734,56669.0,0.0009911799313420209,-0.16651591031099938,-0.06411141230711336,0.5511445694575239,0.12038158215553549,1.3851680537345261,0.0,0.5585828018622333,0.5585828018622333,0.0,19.500594530321045,19.500594530321045,6.921379208096143,68.75553235873241,63,0.37679888619705676,0.12684600552276404,1.3300187012117712,0.0,0.4225677341271827,0.4225677341271827,0.0,31.03683492496589,31.03683492496589,17.99612645718235,403.038606138545,49,0.002103235464067215,True
sentence_length_std,-1.1107668988040906,-0.7027551169848163,9.433768247812376,107525.0,0.0014529101506328501,-0.13832135945282104,-0.07299063647603793,18.393144377926546,16.355521982179496,8.499812556683915,13.616134126720636,20.96300020391139,7.346866077190752,8.749225041305907,151.54735554754484,142.79813050623892,6.398399197733087,86.43082830201078,37,17.282377479122452,15.436670533000065,6.56448447929846,13.43328372419937,18.897770251053636,5.464486526854266,8.958601200986168,60.142681453618856,51.18408025263269,2.4734835807961892,8.744001457320316,56,0.003009599597739475,True
number_rate,-3.3841896127084907,-2.5076171733055794,28.565334695250346,108070.0,0.0020465478243119595,-0.1339538648320518,-0.0741491217657726,52.565659714460175,49.022678349525734,26.782970864213983,39.76297677129855,61.041449696056496,21.27847292475795,13.445378151260504,485.61151079136687,472.16613264010635,8.220709311109736,113.68419340643423,18,49.18147010175169,47.087617171490024,17.886718449120306,37.538901372442254,57.50531300629616,19.96641163385391,5.02092050209205,183.1022756997123,178.08135519762024,1.609287504543678,7.103954093624573,21,0.004140689784073034,True
pos_prop_AUX,-0.0009052720879672837,-0.0014132325687181493,0.008823222630080192,108243.0,0.0022771637218313,-0.13256748580564248,-0.06359368817476459,0.038353596293554455,0.03795510566502465,0.007285175380433767,0.03397357389513768,0.043285088225118167,0.009311514329980487,0.0121262169680111,0.0591573516766981,0.047031134708687,0.05325483374364121,0.43825608612504485,14,0.03744832420558716,0.0372063051158503,0.006926815829739774,0.032964994110718474,0.0414765362692277,0.008511542158509224,0.0169887972423981,0.082319255547602,0.0653304583052039,0.902619081854518,4.109831210724262,11,0.004502573722711888,True
token_length_mean,-0.03754005817091092,-0.046045500481768364,0.3527927182468421,108481.0,0.0026334003707262836,-0.13066021292538,-0.07174191435596283,5.580100281472344,5.563021067260272,0.2834581339169909,5.389536379683901,5.7578156735743224,0.3682792938904216,4.496250759981085,6.775152641359171,2.2789018813780864,0.2907197592587965,0.8789377755490908,10,5.542560223301433,5.526778869221462,0.23673479467005865,5.383641960922672,5.677965117701403,0.2943231567787308,4.907921190188983,7.43961661341853,2.5316954232295474,1.0802074524443865,5.859483430515498,13,0.005091240716737481,True
token_length_std,-0.16385816103746634,-0.03147087756976097,4.275367052896704,108603.0,0.002835124198118626,-0.12968253523045542,-0.02717119018391198,4.196050830515373,3.632435034852031,2.677540293731946,3.4378053392847567,4.0628125079907225,0.6250071687059657,2.9033462133515164,54.78589276163566,51.88254654828414,11.547524068882197,189.50945226898634,69,4.032192669477907,3.605084324511791,3.32070811055033,3.4392572616287547,3.8787518723743215,0.43949461074556684,2.8767895966883765,75.09615741819081,72.21936782150243,16.158953847308037,314.36461587567607,50,0.005362082722528706,True
doc_length,234.9886685552408,219.0,2876.03321771063,109187.5,0.004011581597680566,0.12499849742157543,0.04288461193505475,5757.881019830028,5117.0,2864.3333857442094,3859.5,7020.0,3160.5,1081.0,32632.0,31551.0,2.431140306475956,13.67798490099058,26,5992.869688385269,5624.5,2608.0666277470455,4337.75,7267.25,2929.5,1347.0,24562.0,23215.0,1.681539659798059,7.185290556802817,21,0.007425693595706579,True
prop_adjacent_dependency_relation_mean,-0.0012415268144498467,-0.0015948103563814542,0.012501691363948322,109362.0,0.0044403139153497695,-0.12360009776776953,-0.06389178106144741,0.3648436553869076,0.3648872809591438,0.00949173198941712,0.3587838116075432,0.37073793486398154,0.011954123256438354,0.3276849058642407,0.3922793057573277,0.06459439989308702,-0.04964491947655929,0.3410347958587745,12,0.3636021285724577,0.3635770464432303,0.009909530033849812,0.3568728659536391,0.3701971297093619,0.01332426375572282,0.3333829065946614,0.4020008650114249,0.06861795841676349,0.03894092381780396,0.3541032479870325,9,0.007883822666029184,True
pos_prop_ADP,0.0015956016311619073,0.001280151521992498,0.015530918873520596,109332.0,0.004363772138690159,0.1238405103157017,0.06705772582622993,0.10790571685852722,0.10717256952697879,0.012467872144696603,0.1003181641474439,0.11544904200673406,0.015130877859290154,0.0325538942976356,0.1776229865041358,0.14506909220650022,-0.056190765127007485,3.5327635556348884,15,0.10950131848968911,0.10974230217415296,0.011259077619433415,0.10259239032694872,0.11661127058088826,0.014018880253939534,0.0687306501547987,0.1485097636176773,0.07977911346287858,-0.0990473755264491,0.68615475739582,16,0.007883822666029184,True
n_tokens,196.69546742209633,197.0,2400.4979564755427,109314.5,0.0051958179432331905,0.1214955899785024,0.04294205385158818,4889.5056657223795,4362.0,2377.6933367265747,3318.75,5973.25,2654.5,912.0,26900.0,25988.0,2.242621942313383,11.944774229124642,25,5086.2011331444755,4783.0,2198.2964930929616,3672.5,6157.5,2485.0,1202.0,21167.0,19965.0,1.7137392805806773,7.595917429993058,21,0.009040723221225752,True
syllables_per_token_std,0.014452597813255984,0.008750488523608047,0.2541846934002811,109756.0,0.005564824032902444,0.12044267963825922,0.03993240529267157,1.0807561581133873,1.058750615619576,0.16978618976402574,1.0122324420992403,1.1062017228670096,0.09396928076776923,0.8439995508203327,4.064703031804259,3.220703480983927,9.246595808755247,141.2264389841169,40,1.0952087559266435,1.0749007334741798,0.1914585572115737,1.0251749852990002,1.1234814051446511,0.09830641984565092,0.8693890114029421,4.015457965179095,3.1460689537761533,9.447074800948302,120.41871145534354,24,0.009492935114951228,True
gunning_fog,-0.28397178559507313,-0.1914443611201282,2.5225557124878843,110235.0,0.007274312006745177,-0.11660409262294097,-0.07154520333970431,18.756747153029078,18.41857732841575,2.039438650483975,17.425925696831772,19.84854560122177,2.4226199043899967,13.574130784247888,30.415684341750502,16.841553557502614,0.8519216464564789,1.8620685562056511,14,18.472775367434007,18.332495084207522,1.9205360173578419,17.08320168859033,19.581133896503577,2.497932207913248,14.314852607709753,28.274227625137613,13.95937501742786,0.771641923128097,1.292018753006234,11,0.012170483549746737,True
entropy,4.56414734143832,6.453444326231441,73.80295757321623,110318.0,0.007614374589651586,0.11593895124032838,0.03340710126166995,142.62909703499125,125.55448420954342,72.24084571022814,96.0772386271566,173.38003002501392,77.30279139785732,29.2257760224605,739.8304665853346,710.6046905628741,2.4680224278074103,13.17314962631638,29,147.19324437642956,138.3128909842781,64.16278351204214,106.32392874653746,178.29288029405728,71.96895154751982,32.861086693047866,671.7689566159557,638.9078699229078,1.8547373474106068,9.267954488265508,21,0.012499067722635622,True
flesch_kincaid_grade,-0.2513389155196352,-0.17696732332967713,2.347976507371353,110695.0,0.009345145281800239,-0.11291776688797972,-0.0669066113078216,15.129343314534369,14.888476056852962,1.9230768398804794,13.847657357084477,16.187221137199042,2.339563780114565,10.479304567969836,26.648732351491613,16.169427783521776,0.9226607890079955,2.2326133283572673,15,14.878004399014733,14.718136735446194,1.82648214227715,13.589296660530882,15.90478531978971,2.3154886592588273,10.59936993915002,24.44038929098448,13.841019351834461,0.7895202758230258,1.3783914388745009,14,0.01505606739845594,True
n_characters,1035.028328611898,947.5,13497.171157540159,111142.0,0.011845784348049844,0.1093356199237892,0.04050755425105283,27979.53682719547,25058.0,13191.816533435922,19367.75,34291.5,14923.75,5638.0,145119.0,139481.0,2.1190515379055426,10.486589032995342,24,29014.565155807366,27237.5,12342.686319298557,21000.75,35253.25,14252.5,7037.0,118129.0,111092.0,1.6586423922604465,7.252309702128322,18,0.018737877059642482,True
citation_density,-0.6455645526317133,-1.0287601866920966,7.608230396233485,111254.0,0.012558673817138719,-0.1084380797448421,-0.054504502638279856,15.352682987398243,14.447628553327451,5.982220500677451,11.139204995136318,18.564544967677687,7.425339972541369,3.2182562902282035,43.88799138395262,40.66973509372441,0.9546615727398888,1.5183209456671216,16,14.707118434766532,13.642121689125705,5.852085158627802,10.626379447338216,17.329652002806878,6.703272555468661,4.077933846850929,41.30098089829633,37.223047051445405,1.2982763014793073,2.3469414038092262,30,0.019510796823054795,True
symbol_to_word_ratio_#,0.00018013924643794736,0.0,0.0017117095857074201,21286.0,0.020828728180527178,0.150021962224973,0.07425263526247644,0.0002869459678796383,0.0,0.0008967554169837968,0.0,0.0,0.0,0.0,0.0114579217700513,0.0114579217700513,6.076009685171935,52.16010768434764,170,0.0004670852143175856,0.0,0.0014582766291347945,0.0,0.00021358116763584999,0.00021358116763584999,0.0,0.0187679399425921,0.0187679399425921,6.229770721382631,53.601543609809404,127,0.03179121669659411,True
perplexity,-inf,7.47360858485534e+42,,112700.0,0.02579373830622112,0.09685019493450758,0.02660286940571646,2.740256261712648e+213,2.7912881882072565e+54,inf,5.1336030543178065e+41,1.4526579182929534e+75,1.4526579182929534e+75,4927121318867.423,1.9291404082457043e+216,1.9291404082457043e+216,,,171,7.883993747098578e+288,1.21939599580126e+60,inf,1.5009019047650994e+46,2.702662969251266e+77,2.702662969251266e+77,186805053255779.12,5.566099585451596e+291,5.566099585451596e+291,,,170,0.03816162187256138,True
per_word_perplexity,-inf,1.91153938647545e+39,,112707.0,0.025879720580242772,0.09679409867332339,0.02660286940571646,1.4908902403224413e+209,5.828759281740752e+50,inf,1.2546184488852274e+38,2.171940739400203e+71,2.171940739400203e+71,4557929064.632214,1.0495867291869987e+212,1.0495867291869987e+212,,,171,3.2098337867838825e+284,2.34126832047067e+56,inf,3.580858401633792e+42,3.6122218491436813e+73,3.6122218491436813e+73,138682296403.69644,2.266142653469421e+287,2.266142653469421e+287,,,171,0.03816162187256138,True
smog,-0.1486996733466586,-0.06863544469243088,1.655428649196539,113409.0,0.035859681357723,-0.09116844505170874,-0.05810246714344659,16.1998960954931,16.022357463736807,1.3319169494327243,15.314063185613055,16.99659082139191,1.682527635778854,12.70397685927234,21.359750715683223,8.655773856410883,0.5893085464767301,0.7779410411916539,12,16.05119642214644,15.98852202261205,1.222494366093922,15.150875358586209,16.796038351659618,1.6451629930734093,13.135423500666969,20.7613373270636,7.625913826396632,0.5117624520711733,0.4532871590587373,7,0.051996537968698346,False
n_words,99.56940509915015,95.0,2061.1523379955024,114696.0,0.06272946639022292,0.0808547467454151,0.025746273099987532,4237.974504249291,3750.5,2020.836759330076,2918.75,5143.25,2224.5,850.0,21578.0,20728.0,2.0712326869597737,9.534561121174239,27,4337.543909348442,4012.5,1843.9070741415453,3142.0,5216.25,2074.25,1068.0,17709.0,16641.0,1.7036908589048356,7.388026926670767,22,0.08946661599917038,False
pos_prop_INTJ,-8.456067572883188e-06,0.0,0.00033508276909944077,29620.0,0.07356643948761922,-0.1082342315219027,-0.018100689187730667,0.00010121272608092458,0.0,0.00020222223047794012,0.0,0.00014783058857089997,0.00014783058857089997,0.0,0.0015797788309636,0.0015797788309636,2.967072152577151,11.154837120880169,56,9.27566585080414e-05,0.0,0.0002614349726837411,0.0,0.000111254388638125,0.000111254388638125,0.0,0.0035118525021949,0.0035118525021949,7.618039011330367,83.79232489013152,65,0.10323032637778826,False
pos_prop_SCONJ,0.00023219830815179987,0.00030983874346655026,0.0041887273803044075,115610.0,0.09055077063351388,0.0735301777850792,0.03616600341062864,0.008678902262051565,0.008298979597467952,0.003256294495782378,0.006543214962511275,0.010363353905709525,0.0038201389431982502,0.0009250693802035,0.0243661508067171,0.023441081426513598,0.8250468600897227,1.5257270515563874,21,0.008911100570203364,0.008657440845268701,0.0031637343916975564,0.006745185625266175,0.010740896907983976,0.003995711282717801,0.0014148273910582,0.0228238979637502,0.021409070572692,0.6294618867145315,0.7430809595696921,15,0.12504630230342392,False
syllables_per_token_mean,0.00632424910999721,0.0061387867768107895,0.09770797298445975,116287.0,0.11697117890630468,0.06810486795340803,0.044019446992853616,1.6805186865553987,1.6777699284247478,0.07531597987221691,1.6327147598511953,1.7258560542195402,0.09314129436834495,1.406268999527123,1.9769046986992305,0.5706356991721075,0.20111698298889796,0.9444664123631874,16,1.6868429356653958,1.6858831926705795,0.06813640045445714,1.6407427187656858,1.7290127593364366,0.08827004057075083,1.4929344226098475,1.961335676625659,0.46840125401581156,0.344815016207525,0.7261718087098221,14,0.15900769632575792,False
n_stop_words,25.879603399433428,39.5,896.3272727136772,115495.0,0.126422379123486,0.06654112246217508,0.015717694005644586,1766.8498583569406,1565.5,865.5775262916987,1194.25,2122.75,928.5,332.0,9110.0,8778.0,2.1549971857555756,9.83043982873102,31,1792.729461756374,1659.0,779.6717706622788,1275.25,2170.0,894.75,445.0,7887.0,7442.0,1.8045572800348104,8.328184186029388,22,0.16921149205758895,False
first_person_plural_rate,-0.21326667296851556,-0.3650486605999374,4.664897043783684,115903.0,0.12983951224555965,-0.06590103159252098,-0.028277055047149956,5.856958253669141,5.540590685985123,3.893324540678618,2.8552784632222785,8.222867284233157,5.367588821010878,0.0,22.55639097744361,22.55639097744361,0.8926023266211021,1.2816941161082003,12,5.643691580700627,5.357852917734415,3.647022657986114,2.856285338723314,7.558651553133236,4.702366214409922,0.0,20.13422818791946,20.13422818791946,0.8175610056653396,0.8934988123202268,16,0.17115208432369228,False
token_length_median,-0.036827195467422094,0.0,0.6583263681303291,20207.5,0.1383059569797576,-0.08672858337287864,-0.03704748810337971,4.620396600566572,5.0,0.5007317892388947,4.0,5.0,1.0,3.0,6.0,3.0,-0.38610476631892626,-1.399680788092421,0,4.5835694050991505,5.0,0.4933161849125435,4.0,5.0,1.0,4.0,5.0,1.0,-0.33976918149026947,-1.8899188390717185,0,0.17959131727222255,False
pos_prop_X,0.00031256894442896775,0.0001827599972963499,0.006588464461933149,117007.0,0.1698790240662097,0.05967492415566672,0.019537621998988106,0.007651870664192436,0.004719129458345749,0.008007022296322618,0.0028083117621044745,0.0087419236439655,0.005933611881861025,0.0,0.0492554410080183,0.0492554410080183,2.135409157823613,4.708223025690076,80,0.007964439608621404,0.00513146283498735,0.0079995729501144,0.002982710375773325,0.0096020833489012,0.006619372973127875,0.0,0.0515428374418203,0.0515428374418203,2.143257072627801,5.090953171087499,73,0.21734522196706238,False
dependency_distance_mean,-0.014669097070701806,-0.018513103091952754,0.3543598518350964,117697.0,0.19103836305339428,-0.05680547820059223,-0.026667603784567645,3.5639730299537713,3.54344014397861,0.271325446746518,3.411337805213715,3.6961389554260116,0.2848011502122967,2.894676106019852,6.713175521684266,3.818499415664414,2.662665245413029,26.120912379177078,17,3.5493039328830696,3.5171398573589485,0.27888859963529183,3.389547899323559,3.688070326451636,0.2985224271280771,2.702112252886761,5.43166439406616,2.729552141179399,1.3681643636394867,5.565637079576264,23,0.2408744577629754,False
pos_prop_PROPN,-0.0006016204373440618,-0.00038062788781840183,0.013015398382072902,118398.0,0.23871647140959062,-0.051187838330575275,-0.02871032940178892,0.025806812083994202,0.0244207863681464,0.010887537404660119,0.017470753948948526,0.03191367465228357,0.014442920703335044,0.0056163168785101,0.0712516669841874,0.06563535010567731,0.8641156236798305,1.107832921413669,13,0.025205191646650138,0.02394872081658605,0.010057059122923349,0.018008413097614952,0.0312113877784592,0.013202974680844248,0.0057042966234244,0.072818396226415,0.06711409960299061,0.9568950582318492,1.612509422805383,13,0.29669047160906264,False
subjectivity,-0.0016199397117519097,-0.0026493297092937684,0.05785742919113567,120002.0,0.37760736486813595,-0.03833378076779753,-0.019508424800072612,0.4317756239129714,0.4309765767930398,0.04187661527211701,0.4067232507580216,0.4597094825430811,0.05298623178505946,0.2497425074925073,0.5873265821480125,0.3375840746555052,-0.18887416765695034,1.0386653624895938,15,0.43015568420121947,0.43080629423533984,0.04120165588292403,0.403315140309979,0.45537043268736216,0.052055292377383156,0.2641334260977119,0.5600517169462481,0.2959182908485362,-0.044282081932922275,0.6255615254533247,12,0.46270198230320886,False
flesch_reading_ease,0.313313476173381,0.07578697635308629,9.38804815415062,121189.0,0.507106976133091,0.028821457621278135,0.02171199166093016,36.323218719007215,36.77709437078953,7.540715165999598,31.967945735282726,41.404361674581,9.436415939298271,5.142871499054138,57.12481930132509,51.98194780227095,-0.5228777612567782,0.8957949533967193,11,36.63653219518059,37.169961723463764,6.881487507450525,32.676443394230525,41.36655736421732,8.690113969986797,11.137120605251482,53.414123376623394,42.27700277137191,-0.44669134625447227,0.4278283175692241,10,0.6127542628274849,False
n_citations,-1.2138810198300283,-1.0,36.98066782603557,119238.0,0.5207903128726402,-0.028017118402282437,-0.019832679782048872,61.892351274787536,55.0,31.991040826879473,39.25,76.0,36.75,6.0,247.0,241.0,1.5389405416987865,3.6194392556616375,27,60.67847025495751,54.5,29.18194362418188,40.25,77.0,36.75,9.0,250.0,241.0,1.5804827631387757,4.659620348265752,16,0.6206679071221877,False
pos_prop_SYM,-2.6768911341302948e-05,0.0,0.0014561771872043216,65794.5,0.6241089644491788,-0.02483325922632279,-0.011328252448227358,0.00047575393787453724,0.00010038279224313136,0.0011916690915709856,0.0,0.00049992849119395,0.00049992849119395,0.0,0.0161628255013469,0.0161628255013469,7.484569340116407,78.86630175736622,71,0.0004489850265332343,7.065144122950161e-05,0.0011728013435891172,0.0,0.0004225684237072,0.0004225684237072,0.0,0.022149375387614,0.022149375387614,10.47190627036337,171.82112795244328,93,0.7337497284740346,False
prop_adjacent_dependency_relation_std,-0.00011400502483104425,-0.00023927407927269717,0.008377859176268852,122282.0,0.6442785848383784,-0.02006242712494638,-0.008424139714930055,0.056713129275168334,0.0561851150061132,0.007028784940541296,0.052200828299151576,0.05995683554644415,0.007756007247292571,0.0383732896944436,0.0992134105131698,0.0608401208187262,1.0744724475468705,3.242025109213479,31,0.056599124250337286,0.0558517039039374,0.0065032641241931305,0.05200367250184804,0.060072780736698674,0.00806910823485063,0.0386327768943429,0.0974060003711657,0.0587732234768228,1.178982700629354,3.6264270441257427,18,0.747363158412519,False
dependency_distance_std,-0.017222092813623437,0.006711693555925269,0.7976617430385244,122487.0,0.6716322730143689,0.01841960804740933,-0.015002186262839955,1.233183779998036,1.13996175452272,0.6353342075852058,0.9893956715197738,1.3096982638459447,0.32030259232617087,0.6810129420333659,13.678946689844372,12.997933747811006,12.140618853765575,216.3971942767543,39,1.2159616871844128,1.1161765544559379,0.506020416490568,0.9969091293832759,1.3105825989539004,0.3136734695706245,0.7006537005901431,11.035959464869654,10.33530576427951,11.21410469535276,203.1959265360933,39,0.7688422072664486,False
alpha_ratio,0.001162518451406095,-0.00019171730995304337,0.039813417385043695,122811.0,0.7157526903646138,0.01582315252974098,0.017589696308297598,0.8072913817957997,0.811383242551188,0.03592264647386488,0.7886890805796605,0.8294314572150294,0.04074237663536895,0.4376303894297635,0.8994202167885051,0.46178982735874163,-2.635744076423926,20.65859012976633,15,0.8084539002472058,0.8104971243310937,0.029933036257213608,0.7929921348417925,0.8267786169695881,0.03378648212779556,0.6236777868185517,0.8989830508474577,0.275305264028906,-1.0010076613297842,4.396210334546417,22,0.808707585217161,False
n_defined_acronyms,-0.046742209631728045,0.0,3.5961874033249215,96096.5,0.9716064459241279,0.0016466677055737566,-0.008445375287946344,3.575070821529745,3.0,2.9067105647163998,2.0,5.0,3.0,0.0,16.0,16.0,1.2658949804444855,1.8898787402234722,30,3.528328611898017,3.0,2.6244711531478147,2.0,5.0,3.0,0.0,15.0,15.0,1.1643152748632253,1.841328504053589,26,1.0,False
duplicate_paragraph_chr_fraction,0.0,0.0,0.0,0.0,1.0,0.0,,0.0,0.0,0.0,0.0,0.0,0.0,0.0,0.0,0.0,,,0,0.0,0.0,0.0,0.0,0.0,0.0,0.0,0.0,0.0,,,0,1.0,False
proportion_ellipsis,0.0,0.0,0.0,0.0,1.0,0.0,,0.0,0.0,0.0,0.0,0.0,0.0,0.0,0.0,0.0,,,0,0.0,0.0,0.0,0.0,0.0,0.0,0.0,0.0,0.0,,,0,1.0,False
proportion_bullet_points,0.0,0.0,0.0,0.0,1.0,0.0,,0.0,0.0,0.0,0.0,0.0,0.0,0.0,0.0,0.0,,,0,0.0,0.0,0.0,0.0,0.0,0.0,0.0,0.0,0.0,,,0,1.0,False
oov_ratio,-6.607029126741646e-05,0.0008811888122572499,0.020024819182396354,124486.0,0.9560140905945375,0.0024001186035236266,-0.0019410552902388149,0.03885252975066134,0.036546177805035246,0.017193377774866424,0.025677557386715975,0.04808415783806715,0.022406600451351177,0.0101404056162246,0.1220458553791887,0.1119054497629641,1.186530207430285,2.1488041122978467,17,0.03878645945939393,0.0355465191249058,0.01686746649809225,0.027122103087427827,0.04579450607344965,0.01867240298602182,0.0050847457627118,0.1349620493358633,0.1298773035731515,1.4781365317128858,3.564039583787631,29,1.0,False
contains_lorem ipsum,0.0,0.0,0.0,0.0,1.0,0.0,,0.0,0.0,0.0,0.0,0.0,0.0,0.0,0.0,0.0,,,0,0.0,0.0,0.0,0.0,0.0,0.0,0.0,0.0,0.0,,,0,1.0,False
duplicate_line_chr_fraction,0.0,0.0,0.0,0.0,1.0,0.0,,0.0,0.0,0.0,0.0,0.0,0.0,0.0,0.0,0.0,,,0,0.0,0.0,0.0,0.0,0.0,0.0,0.0,0.0,0.0,,,0,1.0,False
top_ngram_chr_fraction_2,-9.114988694920373e-05,-5.682047507490017e-05,0.011959707983966247,124231.0,0.9186014109271038,-0.0044436252609478255,-0.005260115899254355,0.010253272794110823,0.008062100851198,0.009071196617912917,0.004244181847369075,0.012362335932990349,0.008118154085621273,0.0015174506828528,0.0924312986597461,0.0909138479768933,3.2176979721084544,17.143152106160006,46,0.01016212290716162,0.0080420331184134,0.008249881618861133,0.004318700533989625,0.012798734679896801,0.008480034145907176,0.0017674350099418,0.0757948616989861,0.0740274266890443,2.515310585810575,10.763846094198376,38,1.0,False
n_unique_tokens,-2.7917847025495752,-7.0,404.3395076367869,124047.0,0.9432612274115141,-0.003098065216081025,-0.003602920118619314,1247.6558073654392,1187.0,414.4497871205158,983.0,1455.25,472.25,365.0,4677.0,4312.0,1.6652384088142136,7.775555510332573,19,1244.8640226628895,1219.5,358.9747989854331,1000.25,1429.75,429.5,403.0,2993.0,2590.0,0.8772537161210869,2.034269779723158,20,1.0,False
syllables_per_token_median,0.00141643059490085,0.0,0.03763549647474907,0.0,1.0,1.0,0.026621743403250117,1.0,1.0,0.0,1.0,1.0,0.0,1.0,1.0,0.0,,,0,1.001416430594901,1.0,0.03763549647474907,1.0,1.0,0.0,1.0,2.0,1.0,26.570660511172843,705.9999999999997,1,1.0,False
