PMCID,isFraud,citation_density
PMC4485617,True,12.605042016806722
PMC5295444,True,7.728289607484238
PMC5078054,True,9.185878962536023
PMC5341839,True,11.10912022934958
PMC4466659,True,7.92995208987279
PMC10020002,True,12.340485205441032
PMC8351376,True,6.907717215326498
PMC6273331,True,12.990025516121548
PMC7121334,True,9.654954099398543
PMC4526804,True,25.119154965863714
PMC3015881,True,12.940651494868362
PMC5218505,True,14.23027166882277
PMC2873921,True,9.93625796775403
PMC3463541,True,16.546762589928058
PMC4031199,True,17.884130982367758
PMC5228579,True,13.283280392723073
PMC10286259,True,18.83363621344788
PMC7347657,True,12.497052581938222
PMC6994313,True,14.47811447811448
PMC8669681,True,13.087248322147651
PMC6312954,True,6.928406466512702
PMC10115647,True,9.912804038549794
PMC6523109,True,17.152996845425868
PMC7841060,True,7.040600797934758
PMC4143922,True,18.84057971014493
PMC12156862,True,18.8445326060005
PMC7763304,True,12.4247718889536
PMC4632727,True,12.285641156897874
PMC5286867,True,14.063777596075225
PMC5486031,True,14.06926406926407
PMC6881674,True,10.309278350515465
PMC8683592,True,13.265068652548289
PMC9419067,True,10.431654676258994
PMC7161026,True,9.56678700361011
PMC6620382,True,7.557436517533253
PMC6516172,True,6.499299095195616
PMC5883307,True,14.043177530915951
PMC8699139,True,18.51851851851852
PMC7346210,True,19.97439180537772
PMC7895722,True,12.243599936396883
PMC8798038,True,13.518886679920477
PMC3631190,True,8.195902048975512
PMC5266294,True,9.760858955588091
PMC4836704,True,15.370539798719122
PMC8150897,True,27.00065061808718
PMC10556565,True,14.255167498218105
PMC9040802,True,12.445308701993193
PMC8513678,True,11.496419148134189
PMC10239909,True,12.299282541851724
PMC5410326,True,11.08139090561712
PMC3631447,True,13.84643049811185
PMC9770993,True,9.61153384060873
PMC8034888,True,5.904455179817499
PMC5349938,True,8.702064896755163
PMC7312570,True,20.819341840161183
PMC3979714,True,10.172413793103447
PMC8034587,True,16.46090534979424
PMC9061809,True,16.574585635359114
PMC7108415,True,9.085636961144402
PMC3217121,True,15.344635564905333
PMC6382719,True,13.204225352112676
PMC7476825,True,11.759384893713252
PMC7050070,True,14.091470951792337
PMC7056449,True,10.14786894752102
PMC5606707,True,11.473962930273611
PMC4990195,True,6.228681595728904
PMC3239372,True,13.470958712386283
PMC10734124,True,7.557762902180954
PMC3851815,True,16.587288553128595
PMC4529386,True,10.372340425531915
PMC3742720,True,10.667328206400397
PMC3245238,True,6.957233476570494
PMC6756868,True,10.214504596527068
PMC5562517,True,11.83343319352906
PMC8521584,True,19.427402862985687
PMC9938037,True,12.377294067434912
PMC9675439,True,14.528703047484054
PMC5538381,True,16.32919660352711
PMC5626664,True,15.369194787838289
PMC6454017,True,8.067614291202458
PMC8199894,True,10.443199184921038
PMC3464917,True,10.528834649437664
PMC7119443,True,15.209125475285171
PMC5136703,True,9.165902841429881
PMC2655694,True,8.74805598755832
PMC9836135,True,19.619865113427345
PMC9836119,True,27.73246329526917
PMC9836136,True,26.4750378214826
PMC2639640,True,8.167141500474834
PMC4909700,True,8.642319487036522
PMC8472094,True,14.523707817172149
PMC9053370,True,15.817223198594025
PMC2760307,True,17.241379310344826
PMC4002670,True,11.792967896920725
PMC4583418,True,11.991006744941295
PMC7434752,True,8.436275986742995
PMC3299108,True,15.900300816501934
PMC2677121,True,15.680880330123797
PMC5159314,True,13.718070009460739
PMC6281420,True,6.1470371281042535
PMC7041754,True,6.327445293962563
PMC6325129,True,16.124303723248314
PMC6070650,True,9.6815834767642
PMC5852357,True,11.551874455100261
PMC6131299,True,10.545742156604271
PMC7307809,True,12.688614540466393
PMC6017223,True,10.736653742916792
PMC3519725,True,11.444425177735392
PMC9387035,True,6.6641984450203635
PMC3018539,True,13.851167843563282
PMC3224204,True,14.326107445805842
PMC10362562,True,12.368815592203898
PMC9051252,True,9.1643028583897
PMC5350151,True,11.1831236497649
PMC4336638,True,17.679057116953764
PMC10409850,True,12.37675687014894
PMC3621864,True,16.219588271990016
PMC7222444,True,5.9227921734532
PMC3657928,True,15.966386554621847
PMC6371812,True,27.154292889656254
PMC8754661,True,7.177841580814051
PMC7318404,True,11.745219093510013
PMC6016877,True,9.164610504053579
PMC3800498,True,20.817657386506145
PMC3653944,True,16.825164594001464
PMC2834758,True,12.5
PMC3460040,True,24.485798237022525
PMC3272110,True,25.94970572498662
PMC6045626,True,8.943781942078365
PMC4489967,True,6.5835551197646724
PMC5023779,True,15.837104072398189
PMC6549098,True,7.011988237955214
PMC3973134,True,4.793567341889593
PMC4858438,True,20.06573257221934
PMC4336800,True,10.309278350515465
PMC3193004,True,15.412748171368861
PMC6895114,True,9.652509652509652
PMC1853234,True,9.668704677946822
PMC5660089,True,10.177281680892973
PMC6902459,True,8.350129570976101
PMC3712073,True,9.148486980999296
PMC1084325,True,14.430457476205097
PMC5968444,True,6.3191153238546605
PMC6708263,True,10.078023407022107
PMC5481909,True,9.308820107051432
PMC4471794,True,12.095836240986277
PMC6978255,True,7.887323943661971
PMC6900391,True,13.522427440633246
PMC7013059,True,9.177613820406695
PMC4431800,True,14.831981460023176
PMC3929653,True,9.768637532133676
PMC4413019,True,11.460185734044654
PMC2927536,True,6.02697790108103
PMC7042346,True,10.394374808926933
PMC6364431,True,7.362914163921721
PMC2752189,True,11.19035907525824
PMC9237923,True,8.144980655670942
PMC5403080,True,16.079632465543646
PMC3830593,True,24.134312696747113
PMC6978991,True,6.949806949806949
PMC6754708,True,10.611205432937181
PMC6752110,True,10.542168674698795
PMC6703090,True,10.63264221158958
PMC6492615,True,14.212620807276862
PMC6489536,True,13.88050694025347
PMC6598461,True,12.208657047724751
PMC6436240,True,11.356843992827256
PMC6484873,True,10.657193605683837
PMC6343521,True,13.186813186813186
PMC6357824,True,13.58695652173913
PMC6423732,True,11.488511488511488
PMC6130173,True,17.387616624257845
PMC6118161,True,13.392857142857142
PMC5405785,True,13.060360042357924
PMC6058735,True,11.352418558736426
PMC5167104,True,10.665804783451842
PMC6202547,True,9.227614490772385
PMC4803327,True,11.5409275486215
PMC8850555,True,8.48925848925849
PMC5303272,True,9.317360714964822
PMC6641997,True,15.209125475285171
PMC7144672,True,6.3801208865010075
PMC6499500,True,7.150153217568948
PMC7567574,True,12.65022137887413
PMC6689535,True,16.170525542080117
PMC6712722,True,7.199424046076314
PMC4330351,True,11.41957078164993
PMC4999477,True,15.460295151089248
PMC6077131,True,9.80248719824433
PMC6986254,True,10.881104033970276
PMC7070146,True,9.165902841429881
PMC4076709,True,15.517623586787852
PMC4487667,True,11.649755730928222
PMC7078529,True,5.451338784672118
PMC5862396,True,10.904804008252285
PMC7321793,True,17.468069120961683
PMC5324767,True,15.573525007487273
PMC6043995,True,8.642765685019207
PMC7410492,True,9.103891467333096
PMC3071376,True,11.789804626094767
PMC7381633,True,8.832399827660492
PMC6133942,True,9.635237439779766
PMC7000872,True,11.677282377919319
PMC9085497,True,8.841463414634145
PMC9091567,True,13.416815742397137
PMC9053632,True,10.802469135802468
PMC3561766,True,9.656792378963852
PMC5980158,True,5.808456031338646
PMC5980153,True,6.746175159619323
PMC5826012,True,4.614275414563807
PMC9080600,True,7.082896117523609
PMC8763260,True,11.392870268283719
PMC2861599,True,14.549436795994994
PMC8059086,True,9.442446043165468
PMC3012448,True,10.235732009925558
PMC7952414,True,11.92390139335477
PMC5725015,True,8.267568583239383
PMC7214202,True,13.793103448275861
PMC3103615,True,8.42764266795088
PMC5387172,True,8.809020436927414
PMC5731879,True,9.516700877029296
PMC5947986,True,12.320733330047803
PMC4749791,True,12.402088772845952
PMC3639218,True,17.706237424547282
PMC6120177,True,10.32448377581121
PMC6195788,True,13.297872340425531
PMC3288378,True,17.28643216080402
PMC6938197,True,6.320313487548982
PMC6475886,True,14.243050769584196
PMC2852499,True,10.690246799524877
PMC5315207,True,7.32824427480916
PMC7001002,True,9.891921597362154
PMC6038875,True,6.353591160220995
PMC5811504,True,16.12565445026178
PMC7723236,True,24.2098184263618
PMC6482333,True,12.91199456337071
PMC8324843,True,5.4895221728960815
PMC4681612,True,20.958943439563594
PMC6888527,True,19.77131967603621
PMC8055832,True,11.462377518949898
PMC4354694,True,8.258396035969904
PMC6827329,True,13.085052843482638
PMC6278841,True,7.246376811594203
PMC3694442,True,13.885382479171927
PMC4832599,True,16.715542521994134
PMC2680610,True,15.563241106719367
PMC3618560,True,17.98165137614679
PMC3767430,True,16.45979492714517
PMC3324618,True,16.251050714485853
PMC4074578,True,16.578749058025622
PMC3071249,True,10.548186031644558
PMC2892035,True,11.899382437114024
PMC7516191,True,5.4926764314247665
PMC7701024,True,12.09279368213228
PMC7679245,True,7.354364234565511
PMC7078124,True,6.714481916679384
PMC6976905,True,7.584269662921348
PMC6992896,True,7.594566963633708
PMC6078837,True,7.6923076923076925
PMC6369224,True,6.698144284616229
PMC7068200,True,9.6422227860949
PMC6948255,True,8.615384615384615
PMC6411630,True,6.70712232513574
PMC5056994,True,11.815252416756177
PMC6938856,True,5.302226935312832
PMC6289495,True,9.444242644387941
PMC5965018,True,12.341062079281976
PMC7787722,True,15.644298065047343
PMC2242850,True,10.839610508910528
PMC7374869,True,7.225211375864719
PMC3738522,True,10.11645688742501
PMC2603590,True,8.75558867362146
PMC2794162,True,11.3555713271824
PMC2628740,True,10.1097010109701
PMC5024514,True,8.518269446312486
PMC4040665,True,17.893870835047306
PMC2936558,True,13.701236917221692
PMC2797604,True,7.530297682080245
PMC6763724,True,10.896483407627537
PMC5995430,True,12.461059190031152
PMC5896667,True,9.062661833247024
PMC6929366,True,4.398020890599231
PMC8370742,True,15.1894888736994
PMC7394506,True,7.9448045159941465
PMC5789510,True,12.265512265512266
PMC7568684,True,13.370865587614356
PMC7539840,True,12.773160972606956
PMC8505486,True,6.7578064315675
PMC8343830,True,11.003667889296432
PMC8502541,True,16.21120889300602
PMC3737217,True,6.087877183695077
PMC6090992,True,8.249312557286892
PMC2875004,True,9.202453987730062
PMC5315375,True,9.479768786127169
PMC7440917,True,9.362460989745877
PMC6127675,True,8.245663918112028
PMC5479020,True,13.447031813709412
PMC6434084,True,13.517572844698106
PMC7035521,True,20.54794520547945
PMC6328949,True,10.411376333164043
PMC5849247,True,15.374960778161281
PMC6668182,True,11.971046770601337
PMC6580720,True,13.370865587614356
PMC6259061,True,12.592389816589105
PMC6350133,True,12.244897959183673
PMC6247479,True,13.826043237807943
PMC5849246,True,10.911074740861975
PMC7346697,True,13.50606394707828
PMC6713953,True,17.168885774351786
PMC6589964,True,10.964912280701753
PMC5806795,True,6.614303431169905
PMC5815264,True,12.998266897746968
PMC7786410,True,14.391626689925861
PMC7906587,True,13.071895424836601
PMC3525767,True,12.015177065767285
PMC6792276,True,10.124420590387901
PMC6522534,True,7.1858613322975335
PMC6749725,True,11.071967790639155
PMC4146011,True,14.691852699866438
PMC4852449,True,7.703830515728654
PMC6054090,True,27.777777777777775
PMC4704783,True,7.632868450810403
PMC4238009,True,7.919254658385094
PMC3022965,True,11.596303678202572
PMC6777740,True,27.740058195926284
PMC5865575,True,12.129860863360685
PMC7306576,True,6.346788525006346
PMC7509149,True,12.457531143827861
PMC7051985,True,8.89218228973694
PMC3189171,True,10.766397506728998
PMC6002139,True,13.89267229637701
PMC5937723,True,11.751844766329597
PMC5686393,True,10.66603460535672
PMC3637597,True,10.601915184678523
PMC3962420,True,11.17568171658471
PMC5603754,True,7.987220447284344
PMC3623910,True,10.437575270975513
PMC3676316,True,7.645875251509054
PMC3836507,True,13.756960366852276
PMC7492522,True,9.606147934678194
PMC6303919,True,11.078998073217727
PMC6290025,True,14.841688654353561
PMC7892899,True,10.40235525024534
PMC6204138,True,9.054086252084822
PMC7797326,True,13.287904599659283
PMC3398487,True,18.020515663986693
PMC3234233,True,10.846277450455275
PMC6066658,True,12.42320819112628
PMC7895721,True,14.612214312476583
PMC3481542,True,15.344715798573588
PMC6658724,True,7.81414994720169
PMC6616302,True,13.567438148443737
PMC3656040,True,11.749819233550253
PMC3286222,True,11.139844837875474
PMC4567445,True,14.128284826222098
PMC3232313,True,18.446349701221095
PMC3085848,True,9.9687255668491
PMC3075802,True,9.789875835721109
PMC6156288,True,8.173750583839327
PMC4098891,True,21.20141342756184
PMC6620705,True,6.782215523737754
PMC2361761,True,8.209338122113904
PMC7367385,True,6.8316100443131464
PMC5830879,True,7.523148148148148
PMC2211879,True,6.674082313681869
PMC4079503,True,9.400459578023815
PMC3359321,True,16.842749961721022
PMC5159552,True,10.09162129863232
PMC6991667,True,16.19287513494063
PMC3655933,True,9.061759375435662
PMC3667124,True,8.27451934777318
PMC4261204,True,11.71303074670571
PMC4683496,True,12.764405543398977
PMC4794254,True,9.03225806451613
PMC5867138,True,7.066582914572865
PMC3245465,True,8.593312161404821
PMC4668323,True,9.01803607214429
PMC5601928,True,15.494835054981673
PMC3938808,True,16.05839416058394
PMC6538384,True,11.146496815286623
PMC3794941,True,12.45968924069188
PMC3788131,True,7.513926674439694
PMC4122465,True,8.928571428571429
PMC3755997,True,8.555783709787816
PMC3544850,True,7.3609006278415245
PMC3625183,True,11.45311381531854
PMC5671535,True,19.494204425711278
PMC7443453,True,8.224049788841965
PMC7092690,True,11.274663326025681
PMC6205583,True,12.597631645250694
PMC4293793,True,20.456707897240722
PMC4320897,True,10.769774011299434
PMC3564755,True,13.026052104208416
PMC5070320,True,18.551236749116608
PMC6648140,True,15.62240319095895
PMC5503272,True,14.218009478672984
PMC3575387,True,7.456009543692216
PMC3868539,True,9.103807046583116
PMC4439495,True,16.478931998331245
PMC4005358,True,16.97156711483359
PMC4863118,True,15.313935681470138
PMC3570219,True,11.971268954509178
PMC3279564,True,12.625324916450055
PMC7305831,True,10.135135135135135
PMC6614573,True,14.296278037959082
PMC5835222,True,14.780405405405405
PMC5835225,True,15.815085158150852
PMC6917643,True,4.895104895104896
PMC4453100,True,14.116924965474912
PMC5479312,True,15.113350125944583
PMC4018274,True,11.309891013777504
PMC6747000,True,8.220097299110888
PMC6692564,True,9.669621273166802
PMC6960065,True,6.451612903225806
PMC3605338,True,9.972136676932102
PMC6154870,True,6.917599186164802
PMC6505193,True,6.31019594818997
PMC7112756,True,7.572315614114796
PMC7199453,True,10.817610062893081
PMC4098795,True,13.170827599764104
PMC6728214,True,3.587443946188341
PMC4043882,True,11.709018435475834
PMC4026855,True,14.167650531286895
PMC4024683,True,16.42608262817322
PMC4141387,True,18.708240534521156
PMC4236930,True,21.693491952414274
PMC4268534,True,19.502868068833653
PMC4760045,True,18.175463124781544
PMC4799600,True,30.20914020139427
PMC6180706,True,16.89545934530095
PMC3950448,True,17.055655296229805
PMC4760048,True,13.81578947368421
PMC4916810,True,14.079785450888368
PMC3677940,True,8.600337268128161
PMC6554885,True,20.91466815393196
PMC3281919,True,12.715274424593593
PMC3247249,True,11.161086123604864
PMC3587631,True,5.104934770277936
PMC6986931,True,11.4315863524446
PMC5484512,True,11.014052411697683
PMC4811498,True,10.516018586451455
PMC6650622,True,9.743487770928615
PMC2827929,True,21.001221001221
PMC3655947,True,6.488105140575611
PMC5703150,True,11.188066062866277
PMC3635997,True,13.154628940183668
PMC2698216,True,11.700095510983763
PMC3720908,True,15.54543017957652
PMC4131889,True,12.927756653992395
PMC2916842,True,8.84528787391444
PMC3353709,True,9.575625680087052
PMC5477131,True,13.011152416356877
PMC6714448,True,6.753812636165577
PMC4102552,True,14.421601718318502
PMC2776989,True,8.641175199827176
PMC6333053,True,7.899191273274403
PMC3342296,True,11.31922921439159
PMC2966405,True,9.240542881894312
PMC2908539,True,12.376602327979962
PMC6305187,True,17.14167699297811
PMC3557229,True,5.3376653515896955
PMC3874010,True,8.735500501217242
PMC4126682,True,9.165366614664586
PMC5796204,True,19.315673289183223
PMC5120334,True,16.698372437116888
PMC4130469,True,15.45494122768829
PMC3295784,True,13.524590163934427
PMC4211669,True,11.64526724395342
PMC4637103,True,12.885971310478968
PMC4381602,True,13.845185651353052
PMC5239549,True,7.382798080472499
PMC1431544,True,11.667810569663692
PMC3894187,True,10.31390134529148
PMC4636172,True,11.646373742721016
PMC3282069,True,9.01038485033598
PMC3405033,True,15.8465387823186
PMC5191963,True,12.089077412513257
PMC6329241,True,5.507474429583006
PMC3186787,True,10.851291456518416
PMC3595234,True,5.694760820045558
PMC3567084,True,5.519779208831647
PMC4352753,True,10.274549435741957
PMC6262559,True,15.492035784420686
PMC4117483,True,15.056628914057296
PMC1939922,True,12.997562956945572
PMC6247951,True,10.738255033557046
PMC4304772,True,23.904382470119522
PMC3601737,True,23.329283110571083
PMC3170445,True,21.577380952380953
PMC5514535,True,7.784120394395433
PMC3548813,True,7.9390797148412195
PMC5223108,True,17.51117734724292
PMC3162572,True,9.834368530020704
PMC4053402,True,9.345794392523365
PMC9085381,True,13.225695637238061
PMC3276839,True,24.193548387096772
PMC5451237,True,13.756120307764046
PMC4609807,True,17.694641051567242
PMC6382351,True,11.94618418000464
PMC2855704,True,15.671890630210068
PMC3353995,True,15.62817130099452
PMC6156420,True,16.941120720293803
PMC4324820,True,12.992933667654434
PMC6137241,True,14.580191050779286
PMC5550485,True,8.480403392161357
PMC2648896,True,10.606229764430054
PMC3665219,True,13.869346733668342
PMC4977911,True,10.882284109524925
PMC5628887,True,11.408730158730158
PMC5450936,True,11.002200440088018
PMC4542341,True,14.997321906802357
PMC2943744,True,18.476903870162296
PMC3197695,True,12.700881285640227
PMC3900933,True,7.201390613359822
PMC3979706,True,6.947974919505169
PMC3726697,True,13.635194237200926
PMC3108612,True,16.450822541127057
PMC3020967,True,13.653741125068269
PMC5592740,True,10.056376657016608
PMC2743468,True,14.053254437869823
PMC2978024,True,15.067222994900325
PMC2974017,True,14.077897700610043
PMC3131433,True,21.513353115727003
PMC3022089,True,18.605870020964364
PMC5077991,True,4.837842680523204
PMC4011703,True,11.141516810007818
PMC3686768,True,20.60485211033566
PMC4768089,True,13.977730395640844
PMC5585406,True,8.064516129032258
PMC3750034,True,11.164274322169058
PMC3557260,True,13.509787703336091
PMC4452711,True,10.933229207340883
PMC4863104,True,13.902681231380337
PMC3865184,True,14.124970074215945
PMC2841718,True,10.009099181073703
PMC3375382,True,9.349289454001497
PMC3517722,True,10.925819436457735
PMC5135586,True,8.631816715069377
PMC3350786,True,13.56132075471698
PMC3104092,True,20.968547179231155
PMC2871795,True,11.458915595304639
PMC5716436,True,13.922356091030789
PMC4551341,True,6.78262772125588
PMC3573139,True,10.594196222938738
PMC4806608,True,9.538702111024238
PMC3711036,True,13.1521262604121
PMC5355679,True,8.494487619736129
PMC3356597,True,10.64773735581189
PMC3234273,True,15.460965833174269
PMC5506388,True,6.632277081798084
PMC4564998,True,9.754335260115607
PMC3008746,True,13.380017506564961
PMC5513961,True,10.895170789163721
PMC3326199,True,11.366384522370012
PMC4775453,True,19.806338028169016
PMC3086615,True,13.597824348104304
PMC3317980,True,21.24360365948209
PMC3422285,True,10.192705844879757
PMC3976925,True,14.266607222469906
PMC4675327,True,21.01010101010101
PMC4093106,True,22.637013502779986
PMC3513629,True,16.129032258064516
PMC3884622,True,32.44206773618538
PMC4222512,True,14.874628134296643
PMC3606663,True,15.22615315718764
PMC3538879,True,8.759797141539881
PMC4414064,True,18.432047186040798
PMC3102082,True,14.672881063352323
PMC4997420,True,11.697979439914924
PMC4018233,True,18.71958068139274
PMC3745369,True,12.408204608761713
PMC3766317,True,12.272448353446514
PMC3038845,True,7.889546351084813
PMC5063353,True,12.670107930549038
PMC3812915,True,26.518655565834102
PMC4931734,True,25.468938220616074
PMC3030761,True,7.695060844667144
PMC3526052,True,9.541627689429374
PMC3046839,True,10.242269056529446
PMC3755107,True,18.32896929302547
PMC4497839,True,19.20824549074725
PMC2732120,True,9.317621266100302
PMC3201206,True,9.99048525214082
PMC3498821,True,6.6497164091531396
PMC3254216,True,31.19584055459272
PMC4476284,True,33.46959632089934
PMC3155646,True,19.196025293586267
PMC3757474,True,12.920908379013312
PMC3792569,True,17.35184196476241
PMC3093967,True,7.930607187112764
PMC4639868,True,16.624311732316816
PMC6349364,True,10.595358224016145
PMC5690092,True,6.941230911614993
PMC4373694,True,19.887127116366567
PMC2775434,True,11.509635974304068
PMC3623473,True,7.6923076923076925
PMC3389762,True,15.149099027268377
PMC4729910,True,8.61311302513623
PMC3961121,True,15.51246537396122
PMC3777743,True,21.991447770311545
PMC3323695,True,20.961145194274028
PMC2730932,True,8.210577155276503
PMC3823257,True,11.00762066045724
PMC1257595,True,14.364014364014363
PMC3844227,True,22.655426765015807
PMC4831549,True,7.912355447352405
PMC3176448,True,18.375597206909223
PMC3263206,True,11.225728155339805
PMC3687534,True,28.669724770642205
PMC4476280,True,9.183673469387756
PMC2935640,True,14.742304517042104
PMC3973437,True,13.780918727915195
PMC3311925,True,10.149368058215243
PMC1995235,True,9.743589743589745
PMC2816170,True,18.26697892271663
PMC2661595,True,11.757425742574258
PMC4978426,True,21.464646464646464
PMC3011042,True,32.81378178835111
PMC3490080,True,13.44590368980613
PMC2373840,True,10.588235294117647
PMC3309508,True,28.37347410095678
PMC2199065,True,14.189693801344287
PMC2636853,True,22.861183125147303
PMC4103183,True,12.172682236376504
PMC3606672,True,29.427942794279428
PMC3464147,True,22.1147201105736
PMC2738976,True,32.173587729143286
PMC3175175,True,16.916570549788542
PMC2992106,True,23.774689100219458
PMC3188700,True,24.053082665192147
PMC2762981,True,32.25806451612903
PMC3331939,True,7.616974972796518
PMC4486676,True,11.597321855571497
PMC3613887,True,13.94351090454058
PMC3178806,True,3.6525974025974026
PMC3984384,True,8.331456879081287
PMC4450974,True,18.350702310829178
PMC1483830,True,12.11867948182198
PMC2729333,True,18.77133105802048
PMC3111544,True,6.951508986096982
PMC3681747,True,17.869322057018145
PMC2873918,True,12.498579706851494
PMC317376,True,22.441160372194858
PMC4043680,True,13.60375958446698
PMC3285187,True,25.64858490566038
PMC3995674,True,17.510648367250354
PMC3946578,True,6.229685807150596
PMC3861239,True,7.016996725401528
PMC3629101,True,12.743926722421346
PMC3886898,True,7.899934167215274
PMC3792944,True,17.422867513611617
PMC3788032,True,20.420184567052818
PMC3098254,True,14.462138446538837
PMC2957445,True,21.102284011916584
PMC2994777,True,32.78186274509804
PMC3349135,True,15.16519227297346
PMC4829832,True,10.421919650361405
PMC3605217,True,7.529364521634374
PMC4683477,True,27.55058114507103
PMC3655088,True,9.20951650038373
PMC2475646,True,15.183028286189684
PMC3308080,True,10.984540276647682
PMC2361683,True,20.186803253992167
PMC3203842,True,21.321961620469082
PMC3771264,True,13.797983371661065
PMC4058490,True,19.757296158860697
PMC2846982,True,16.6383701188455
PMC3181149,True,7.734581721962141
PMC2923254,True,10.933940774487471
PMC3191321,True,13.35240820219361
PMC3408049,True,8.604083729292409
PMC4162858,True,7.595721593551388
PMC4491304,True,10.0993098804915
PMC2447897,True,12.825348924933987
PMC2063553,True,14.630068273651945
PMC2171446,True,11.162494020092488
PMC2156135,True,26.75447622967689
PMC3976090,True,7.002000571591884
PMC3226545,True,14.028475711892797
PMC3023689,True,15.349950711167441
PMC3240844,True,12.839598064756235
PMC3229915,True,11.990407673860911
PMC3035985,True,11.141552511415526
PMC2864144,True,8.897676717745922
PMC2766609,True,11.675315048183839
PMC2911635,True,15.574433656957929
PMC3151530,True,7.184466019417476
PMC3110672,True,7.675217127852959
PMC2966532,True,10.031847133757962
PMC3860367,True,16.69710409600835
PMC2593467,True,24.028744666516953
PMC4768639,False,6.76378772112383
PMC5542209,False,11.601963409192326
PMC5342580,False,21.144519883608147
PMC5564520,False,10.606409960802399
PMC5302991,False,11.505922165820644
PMC11947701,False,5.2567351919647045
PMC10317309,False,11.941316956670079
PMC13304669,False,9.98697351280938
PMC8957075,False,9.613417876866434
PMC5281620,False,16.366906474820144
PMC3030797,False,17.098445595854923
PMC6312228,False,16.61631419939577
PMC3248566,False,11.844098609007025
PMC3891499,False,12.97511830254923
PMC4700986,False,10.863350485991996
PMC5792761,False,10.034665207079
PMC11886901,False,10.576057605760575
PMC8789531,False,22.316275490573297
PMC8749191,False,11.578650098842136
PMC10784735,False,9.798865394533264
PMC7877959,False,19.223224794036877
PMC12222023,False,7.530807850296669
PMC13363593,False,11.952191235059761
PMC7848270,False,6.565126050420168
PMC4633965,False,17.094017094017097
PMC13342732,False,9.693476552266178
PMC13304499,False,11.89358372456964
PMC13299206,False,11.80847622128761
PMC6302470,False,5.379959650302623
PMC13299367,False,8.601553829078801
PMC8250456,False,8.072653884964682
PMC10869925,False,13.513513513513514
PMC9417066,False,6.756756756756757
PMC8890773,False,12.703397088210107
PMC7744737,False,7.945106536655833
PMC7811839,False,16.0
PMC6937793,False,14.342235410484669
PMC13297314,False,13.666072489601902
PMC13295497,False,5.349228182790768
PMC10008990,False,15.32197578484946
PMC7751973,False,23.582538886101357
PMC4412563,False,18.600252206809586
PMC6312261,False,24.450744153082923
PMC5747483,False,11.348981171008512
PMC12845456,False,10.907594155175962
PMC11331118,False,11.748445058742226
PMC10865983,False,22.892238972640985
PMC9942572,False,22.8486646884273
PMC12851573,False,9.135896459840122
PMC5564521,False,18.432047186040798
PMC4338558,False,14.336917562724015
PMC10745699,False,7.031828275351592
PMC9831739,False,10.082023239917977
PMC5564825,False,14.778325123152708
PMC12787066,False,5.127231295100645
PMC4697820,False,12.749188687992582
PMC8802047,False,11.335852411647032
PMC7938724,False,13.674788662357036
PMC2267855,False,12.06055940467026
PMC3604050,False,25.29325513196481
PMC7541147,False,13.00148588410104
PMC8817077,False,14.605001106439477
PMC8817094,False,18.759326369644
PMC8685641,False,13.304949441192123
PMC6314648,False,14.403818290292337
PMC5747462,False,11.870218939593775
PMC3674598,False,14.465702286514233
PMC11686990,False,9.361348034116913
PMC4212130,False,9.368191721132899
PMC5812460,False,33.04597701149425
PMC4449319,False,12.954025908051815
PMC3552395,False,12.939615129396152
PMC7835032,False,7.258285401259928
PMC6366861,False,6.494175858158952
PMC9805444,False,12.409071459135644
PMC10799153,False,13.354531001589825
PMC10807713,False,7.842205323193916
PMC6367704,False,17.53576372865713
PMC6365187,False,11.24961994527212
PMC7736624,False,9.45179584120983
PMC10778298,False,23.870730811604847
PMC4031329,False,11.0803324099723
PMC4783833,False,26.30545740086376
PMC5867400,False,10.189228529839884
PMC3082913,False,12.91914646537959
PMC10723167,False,17.53453772582359
PMC10723171,False,14.997581035316884
PMC10723164,False,15.806111696522656
PMC3012680,False,12.630422844590884
PMC5773473,False,11.291460832745237
PMC9789916,False,6.666666666666667
PMC11232474,False,8.478357875948237
PMC4843123,False,16.521340064249657
PMC4476953,False,17.158544955387786
PMC5201268,False,15.243101182654403
PMC8801138,False,11.3179992698065
PMC3858696,False,9.404388714733543
PMC3066263,False,12.518195050946142
PMC5892845,False,20.385050962627407
PMC6944448,False,8.651648710414626
PMC8751612,False,13.948769972102461
PMC7791068,False,5.492270138323841
PMC6996347,False,15.33442088091354
PMC6970044,False,13.562605957859045
PMC6732852,False,9.506833036244801
PMC8722766,False,12.180746561886052
PMC6959459,False,13.994169096209912
PMC3886971,False,16.560139453805927
PMC10725579,False,9.445687298036292
PMC3294144,False,16.304347826086957
PMC4059197,False,16.80672268907563
PMC11687006,False,11.813045711350796
PMC9342847,False,10.21355617455896
PMC6156467,False,9.995240361732508
PMC4822535,False,17.695099818511796
PMC12125156,False,16.07773851590106
PMC4414059,False,6.844850065189048
PMC8715615,False,5.121107266435986
PMC4268537,False,9.782608695652174
PMC7239735,False,26.802350580478716
PMC10711445,False,9.412605742880974
PMC8715618,False,11.141222523336344
PMC6938620,False,15.58891454965358
PMC4245364,False,17.87648970747562
PMC4412719,False,9.53362535429013
PMC3252326,False,19.74587912087912
PMC7224311,False,10.508378301618858
PMC4199239,False,15.616866215512754
PMC6940359,False,13.790386130811664
PMC5434847,False,23.85107620709715
PMC5808038,False,18.768173407348666
PMC7859999,False,19.614474129184984
PMC3881268,False,15.000872143729287
PMC5467646,False,13.764826475325815
PMC4008724,False,8.990784445942909
PMC3580805,False,22.71273192578375
PMC7772337,False,11.238700219887612
PMC2718704,False,9.538950715421302
PMC6303374,False,17.581688505556478
PMC7758928,False,10.998307952622675
PMC4439557,False,17.580577647551276
PMC1807956,False,12.056493282810886
PMC6978839,False,8.94412823789058
PMC7929914,False,14.275766016713092
PMC6310998,False,9.11473168508602
PMC5084667,False,11.319845857418112
PMC8077073,False,11.828486939379005
PMC7549600,False,16.50860554970144
PMC8855918,False,16.350555918901243
PMC5201291,False,6.169479223371439
PMC4697810,False,10.207237859573151
PMC5180250,False,8.328995314940135
PMC3246454,False,8.784773060029282
PMC8828693,False,29.426686960933534
PMC7758936,False,7.754295271400334
PMC3009686,False,12.092611709187436
PMC10722943,False,19.77552111170497
PMC6314778,False,12.510088781275222
PMC4311573,False,18.300248138957816
PMC8725341,False,16.497937757780278
PMC7871733,False,14.895729890764647
PMC7784594,False,12.534818941504177
PMC7777148,False,9.71266693646297
PMC7777151,False,8.558438085049477
PMC7780893,False,10.473397570171764
PMC7781046,False,7.339449541284404
PMC7771203,False,14.25881086898036
PMC7771202,False,19.446976602856274
PMC7784592,False,17.57972199509403
PMC7772955,False,14.5413870246085
PMC7781047,False,18.465909090909093
PMC6944189,False,8.934869503879614
PMC6944037,False,19.290389252497416
PMC6324864,False,21.305841924398624
PMC6946045,False,11.345218800648299
PMC5757895,False,13.756613756613756
PMC6960391,False,14.570552147239264
PMC5747444,False,36.19047619047619
PMC10756881,False,7.475257949041903
PMC6303786,False,12.420431609998447
PMC8083107,False,24.293034731448092
PMC8721398,False,12.231404958677686
PMC7736623,False,13.707790036776997
PMC8866988,False,9.19160971011077
PMC7783201,False,11.17717003567182
PMC7963425,False,7.955449482895784
PMC5314798,False,10.717475439118786
PMC6037299,False,14.76713366149186
PMC7026285,False,8.02896725440806
PMC8866992,False,8.815551537070524
PMC8696619,False,7.207971168115328
PMC4747901,False,17.248376623376625
PMC5355748,False,16.724518775639
PMC8905251,False,8.658008658008658
PMC7019044,False,8.194998949359109
PMC8763640,False,10.29633350075339
PMC5794467,False,13.969732246798603
PMC6921542,False,6.705783738474434
PMC9043258,False,12.357884330202669
PMC3531502,False,7.834985609210105
PMC8692348,False,10.444955086693128
PMC6925245,False,7.767421216156237
PMC8993766,False,14.415781487101668
PMC7039523,False,10.197838058331634
PMC7069505,False,11.004614838480652
PMC9097172,False,11.99442119944212
PMC3574979,False,12.876349176292369
PMC7011150,False,8.836989111566988
PMC7011142,False,8.220631132325643
PMC6997845,False,12.043795620437956
PMC7437948,False,20.471464019851116
PMC10748556,False,13.394053040450041
PMC3252302,False,16.867037502242958
PMC9841241,False,7.179402541673543
PMC3253756,False,5.705229793977813
PMC9805427,False,18.867924528301884
PMC6355173,False,17.699115044247787
PMC7810971,False,16.019417475728154
PMC4751877,False,28.57943401513029
PMC6346231,False,8.968609865470851
PMC6340871,False,16.6333998669328
PMC6959994,False,16.014012260728137
PMC5804330,False,14.809590973201692
PMC4284029,False,9.601536245799329
PMC6931141,False,13.071895424836601
PMC6953437,False,16.17317740731525
PMC4101172,False,15.2990264255911
PMC7780857,False,10.320190526594338
PMC8344368,False,24.25733872385305
PMC3248456,False,12.170834255366232
PMC6314320,False,6.204963971176942
PMC8753458,False,4.1878890775325415
PMC6884979,False,6.866696521868936
PMC6938480,False,20.514390691977955
PMC8727453,False,8.001454809965448
PMC8164171,False,19.148936170212767
PMC9803671,False,7.629164654756156
PMC5319908,False,12.234385061171926
PMC7766162,False,25.377815796977476
PMC10753001,False,8.110477860587462
PMC5221800,False,14.101929737753586
PMC7768796,False,12.921525370312008
PMC6885000,False,3.991697269679068
PMC3951678,False,12.736874805840324
PMC5292092,False,12.316249503377035
PMC2954106,False,17.49271137026239
PMC4299753,False,18.290760012614317
PMC4316751,False,18.020866266202972
PMC3926809,False,12.24889759921607
PMC4778979,False,7.666098807495741
PMC3618609,False,17.457475380483437
PMC3248440,False,14.855355746677093
PMC8752907,False,14.85148514851485
PMC8749388,False,9.931425868999764
PMC8760531,False,7.503310283948801
PMC8753275,False,9.294385432473444
PMC8738955,False,9.49277415698498
PMC8752899,False,17.829963035442486
PMC7063483,False,7.709880068532267
PMC7933600,False,11.507479861910243
PMC8738956,False,5.774198450083574
PMC8738957,False,12.911213300318359
PMC7943971,False,8.036391205458681
PMC5852330,False,12.985179957657023
PMC8752879,False,13.875867241702606
PMC7045310,False,8.547008547008549
PMC12574458,False,11.469534050179211
PMC8801773,False,18.327310273619
PMC2809086,False,10.227801022780103
PMC8686256,False,6.085686465433301
PMC4412676,False,14.854111405835544
PMC2796175,False,6.303256682619353
PMC3082877,False,9.467135515282662
PMC3020143,False,15.838926174496645
PMC5747158,False,12.560777957860616
PMC4720891,False,18.34862385321101
PMC3248464,False,15.365576982571929
PMC3248441,False,12.862137862137862
PMC7780098,False,26.7235926628716
PMC6997418,False,10.76847772883015
PMC6997436,False,10.710808179162608
PMC7839197,False,5.780346820809248
PMC9945444,False,9.098527475158626
PMC8866986,False,12.911555842479018
PMC6753756,False,12.39486498450642
PMC8722537,False,22.014870972444964
PMC8841308,False,11.669658886894075
PMC9800583,False,12.771544521365481
PMC9903112,False,28.590207032533684
PMC9805339,False,13.249651324965132
PMC4412726,False,6.5054447744307735
PMC6936104,False,7.756948933419522
PMC3378857,False,9.433962264150942
PMC6312365,False,3.6649214659685865
PMC8747496,False,10.336283185840708
PMC6911155,False,11.81959564541213
PMC6435540,False,15.359741309620048
PMC6435535,False,6.570634318928481
PMC9375700,False,10.256410256410257
PMC7783874,False,16.671221645258267
PMC6822182,False,22.185702547247327
PMC7691899,False,11.090573012939002
PMC7691946,False,11.732401397903146
PMC6822186,False,24.05857740585774
PMC7716055,False,10.924121641570713
PMC6822190,False,13.574660633484163
PMC6822179,False,18.354860639021073
PMC8855371,False,13.572854291417165
PMC7705783,False,23.402025847013622
PMC7691905,False,19.832985386221296
PMC6202743,False,17.045454545454543
PMC6201179,False,10.68702290076336
PMC8728780,False,11.788710043074135
PMC9851023,False,15.549901046084253
PMC4869714,False,12.435233160621761
PMC8013695,False,11.859838274932613
PMC7738680,False,8.898776418242491
PMC7801882,False,10.98565761367104
PMC10832652,False,13.698630136986301
PMC5746551,False,14.574603752960467
PMC6970567,False,11.570247933884296
PMC5746203,False,7.819905213270141
PMC4764144,False,15.171078114912847
PMC4894472,False,11.77570093457944
PMC7085426,False,21.3392200147167
PMC6997214,False,12.58811681772407
PMC8722572,False,8.342303552206673
PMC9236135,False,16.18009145269082
PMC9197223,False,13.88147357180993
PMC3577499,False,7.17430295124735
PMC6915905,False,9.653199856989632
PMC6915881,False,10.587612493382743
PMC6435565,False,10.517799352750808
PMC4295226,False,8.16198398995448
PMC4697850,False,10.890151515151516
PMC6435564,False,19.192208536236038
PMC4412817,False,23.27773065686552
PMC4412629,False,11.533052039381154
PMC3267576,False,13.335147639134576
PMC9126550,False,19.082794706063407
PMC6938641,False,5.513981882630957
PMC6925230,False,11.183794049377505
PMC9902950,False,15.101645692158762
PMC6925247,False,5.338078291814947
PMC9809172,False,8.017492711370263
PMC4248023,False,7.91602133884013
PMC3534377,False,7.1890726096333575
PMC6928520,False,10.619469026548673
PMC9988470,False,9.961512338691419
PMC3595331,False,12.335526315789474
PMC7736622,False,20.262664165103192
PMC7847767,False,11.430336731541551
PMC4412674,False,7.751937984496124
PMC3548430,False,11.855364552459987
PMC5276731,False,18.978761861726163
PMC3982714,False,16.72563525249276
PMC3583749,False,8.688097306689835
PMC3583819,False,15.343562374916612
PMC6991633,False,8.875739644970414
PMC4739267,False,12.760241773002015
PMC7801922,False,9.160864785635765
PMC2360204,False,20.452686119443687
PMC8717654,False,8.644149191611973
PMC6938492,False,16.360505166475317
PMC2118076,False,8.830022075055188
PMC4697834,False,11.624834874504623
PMC3886883,False,10.352360148162218
PMC5716145,False,12.854181064270906
PMC8918410,False,8.895478131949591
PMC4412532,False,34.13333333333333
PMC4412671,False,19.5578231292517
PMC5148799,False,9.762633996937213
PMC5062214,False,12.82051282051282
PMC4729601,False,18.19363222871995
PMC6991654,False,12.092841817827189
PMC3935559,False,11.214953271028037
PMC5274699,False,20.949123557075673
PMC6308236,False,15.93011305241521
PMC4697807,False,6.230098297106466
PMC7819752,False,12.800553537450268
PMC4412639,False,6.84655658477648
PMC4412622,False,8.742839915586373
PMC4703137,False,13.87101387101387
PMC4412836,False,11.516314779270633
PMC4412713,False,13.614017395688894
PMC4412704,False,11.078527207559466
PMC6349754,False,10.222626079054974
PMC8722687,False,9.221589368049905
PMC8721289,False,7.1629572780762345
PMC6941906,False,12.72264631043257
PMC4709651,False,25.74257425742574
PMC5227303,False,9.79431929480901
PMC4281118,False,13.740149525156598
PMC5661312,False,13.215859030837004
PMC7864083,False,17.651385143417507
PMC6312316,False,5.952380952380952
PMC4412824,False,8.106543138390272
PMC4270771,False,12.660833762223366
PMC5227166,False,11.801380538855488
PMC4940130,False,19.411396368190356
PMC5804395,False,19.272614236866644
PMC4316929,False,24.390243902439025
PMC3266416,False,10.689990281827017
PMC8728388,False,7.320644216691069
PMC7724613,False,14.488035161972979
PMC7012370,False,10.435850214855739
PMC6938409,False,13.05548581471253
PMC8029985,False,21.7939894471209
PMC5159976,False,6.033442509912084
PMC5987166,False,18.009004502251123
PMC4697846,False,15.984341869189365
PMC7711061,False,9.272137227630969
PMC7693198,False,15.915119363395226
PMC8661505,False,15.627654153218955
PMC4412530,False,10.551703346397348
PMC7000333,False,11.03896103896104
PMC7729292,False,14.135998050207165
PMC8694600,False,7.051053195287397
PMC8685644,False,12.956669498725574
PMC4715682,False,12.909260991580917
PMC7906913,False,4.644157148236475
PMC4697822,False,15.56420233463035
PMC4293022,False,19.262703420790437
PMC4610093,False,14.76274165202109
PMC4610092,False,4.726536124240378
PMC4610091,False,7.3461891643709825
PMC4610090,False,10.752688172043012
PMC6180670,False,17.308948399738732
PMC6180674,False,19.213583556747096
PMC6753749,False,10.419681620839363
PMC4610089,False,13.557483731019524
PMC6180695,False,21.991701244813278
PMC6180698,False,8.583690987124463
PMC4412571,False,16.129032258064516
PMC7731623,False,9.134505594884677
PMC3887118,False,11.32300357568534
PMC3542819,False,7.375921990248781
PMC4412711,False,12.984105663756436
PMC8722579,False,15.37307836520435
PMC6267494,False,7.646559048428207
PMC5564641,False,13.295346628679962
PMC7801918,False,10.106245141228298
PMC3690278,False,18.636363636363637
PMC4412630,False,9.945750452079567
PMC6317466,False,20.61855670103093
PMC4391468,False,11.710392973764215
PMC3013074,False,15.979976896418947
PMC4412395,False,10.330114529530654
PMC4697838,False,10.67986454805939
PMC3248433,False,15.567282321899736
PMC3899746,False,11.003817651021782
PMC6310942,False,16.133637921187894
PMC7745499,False,8.286516853932586
PMC4697815,False,15.901060070671377
PMC3012205,False,16.781083142639208
PMC8010660,False,8.924949290060852
PMC3884107,False,8.325624421831638
PMC3248439,False,8.608545938331506
PMC3248447,False,11.689792815054172
PMC7541913,False,16.588532275513884
PMC4412837,False,13.403072899640406
PMC4412667,False,7.503410641200546
PMC4697836,False,7.373271889400922
PMC6678548,False,15.296862846772104
PMC5762632,False,4.93628745264608
PMC4705103,False,8.222932846048424
PMC3882141,False,11.518015357353809
PMC4697803,False,13.74670956420006
PMC5239971,False,17.92413505627345
PMC5340254,False,12.4282982791587
PMC5564823,False,13.572578789970095
PMC2222631,False,16.737171234136472
PMC4697849,False,7.364713416586615
PMC5221810,False,10.319251854240568
PMC3717952,False,12.367888464133124
PMC3882282,False,10.536020018438034
PMC5849484,False,13.23943661971831
PMC8477783,False,25.31645569620253
PMC3541601,False,13.785497656465399
PMC4412537,False,12.07693454599672
PMC4412830,False,8.70804306523116
PMC5136632,False,12.416239653133623
PMC7016903,False,29.08986175115207
PMC4697853,False,13.448894202032278
PMC2610383,False,13.39443073669369
PMC6997229,False,7.604562737642586
PMC5820170,False,12.447158290277125
PMC3970263,False,17.2
PMC3588144,False,7.542147293700088
PMC6310928,False,18.848957024377984
PMC4697841,False,14.508445214378519
PMC5750712,False,10.498101407192316
PMC3534065,False,3.3912674862229757
PMC4697795,False,10.650690630720586
PMC7034945,False,3.0294870068668374
PMC3929964,False,33.92041748206132
PMC6355303,False,19.056261343012704
PMC5227122,False,7.221588749524895
PMC7880693,False,13.68640285629277
PMC3248455,False,13.557929334428923
PMC3882251,False,20.993439550140582
PMC6925188,False,6.830101231857544
PMC5227123,False,11.645962732919253
PMC7093016,False,11.693952555963916
PMC6303390,False,11.701170117011701
PMC3003737,False,16.547574276043623
PMC4055455,False,9.449694274596999
PMC5841052,False,10.017574692442881
PMC6328291,False,8.187569780424266
PMC4858435,False,13.79724055188962
PMC5431345,False,10.869565217391305
PMC6616526,False,9.680795395081109
PMC4140695,False,12.35370611183355
PMC5155630,False,17.406070897898537
PMC4697818,False,14.140875133404483
PMC4412578,False,5.72655690765927
PMC3540100,False,12.742599490296021
PMC3536069,False,7.712305025996534
PMC6361865,False,13.710582076529976
PMC3032816,False,15.03288443470091
PMC3288235,False,10.257759074171489
PMC3340883,False,14.213663457129757
PMC3618573,False,16.774573278399057
PMC3271134,False,17.13947990543735
PMC5564638,False,20.370370370370374
PMC4697800,False,10.189525168127165
PMC4412539,False,19.115890083632017
PMC5741744,False,17.037552155771905
PMC6303367,False,18.48998459167951
PMC4703139,False,8.793208004851426
PMC4697844,False,14.566868123353478
PMC5201282,False,9.56857478596609
PMC5763132,False,11.708948982436576
PMC10278692,False,7.983094623150975
PMC3262027,False,8.078871696563057
PMC3956592,False,10.565705480959718
PMC3924180,False,9.243697478991598
PMC5766378,False,21.36200716845878
PMC3022099,False,11.148272017837236
PMC3622127,False,18.81260688981187
PMC3248442,False,17.20747295968535
PMC6365032,False,15.010507355148604
PMC5167135,False,11.869065467266367
PMC3920451,False,6.063605989357753
PMC6062821,False,22.227017695295643
PMC4295170,False,14.086814086814087
PMC6335600,False,14.389626818469322
PMC3906772,False,15.924601884952875
PMC3534053,False,12.229836584080127
PMC6204067,False,15.267175572519083
PMC5341133,False,13.758146270818246
PMC3248438,False,7.8573587186461165
PMC6454835,False,19.619157530294284
PMC3959904,False,5.664421310471525
PMC5331487,False,9.072352007257882
PMC3563152,False,14.435221941537351
PMC3877400,False,13.554727211114876
PMC3877394,False,13.537992182286203
PMC4735985,False,12.33453670276775
PMC5236062,False,7.041762532245695
PMC4093403,False,29.751172015867294
PMC4058073,False,18.5277916875313
PMC3552038,False,17.673521850899743
PMC3970848,False,13.557264265479564
PMC3940211,False,25.0
PMC4067463,False,20.537714712471992
PMC5520965,False,12.004175365344468
PMC3534024,False,12.897857291449968
PMC5793258,False,19.260639950295122
PMC4691232,False,12.004801920768308
PMC4786722,False,15.168752370117558
PMC2777752,False,18.24212271973466
PMC3349806,False,19.349164467897975
PMC5747448,False,7.023144453312051
PMC4308551,False,22.08706786171575
PMC5820543,False,3.0547070258261595
PMC3516190,False,16.822945394373967
PMC4407862,False,12.94047382042604
PMC3636604,False,13.177159590043924
PMC3969298,False,6.353240152477763
PMC5459490,False,14.256619144602853
PMC3033220,False,16.363156505674322
PMC3549716,False,9.365389991613084
PMC4003566,False,22.651406771578447
PMC3636174,False,23.001095290251914
PMC5860661,False,24.570673712021136
PMC3886915,False,23.246160232461605
PMC3478942,False,14.723438121766812
PMC4268866,False,10.072450963067679
PMC3202039,False,13.359242166626183
PMC5294786,False,13.53662011969222
PMC4324667,False,9.787377657779277
PMC5495026,False,10.66447908121411
PMC5201265,False,17.209908735332466
PMC3071868,False,25.72741194486983
PMC4005028,False,11.19664100769769
PMC3922081,False,23.149513417870835
PMC5818437,False,6.500847936687394
PMC4774326,False,9.659379766141331
PMC4149598,False,17.148362235067438
PMC4040522,False,16.809728183118743
PMC4516549,False,11.850894203835379
PMC4496145,False,18.694196428571427
PMC1852643,False,18.170426065162907
PMC4297624,False,12.259194395796849
PMC4989425,False,15.873015873015872
PMC3570589,False,21.027003098716246
PMC5089222,False,19.51563602163179
PMC5467451,False,17.004936917169502
PMC3537830,False,23.97868561278863
PMC3297673,False,15.358771298296137
PMC4319691,False,15.014024088434253
PMC4031276,False,10.029116790682627
PMC2832913,False,17.212659633536923
PMC3339637,False,10.937927262783703
PMC3012180,False,11.078998073217727
PMC6004307,False,24.982155603140612
PMC3299926,False,19.8300283286119
PMC3880461,False,11.151197113807806
PMC2812552,False,14.234383637368712
PMC3565191,False,14.181818181818183
PMC2212438,False,15.157116451016636
PMC2845735,False,13.86929948283968
PMC4724520,False,15.193026151930262
PMC4393753,False,37.540304007369876
PMC3911968,False,12.695109261186264
PMC3601827,False,18.39464882943144
PMC3538650,False,14.203117144293614
PMC3587817,False,13.735732249951635
PMC3951984,False,15.663390663390665
PMC3019205,False,7.876599934361668
PMC4254758,False,20.80536912751678
PMC4621310,False,18.343949044585987
PMC4259382,False,23.856858846918488
PMC4295561,False,13.164556962025316
PMC4740259,False,19.629029353502613
PMC4323947,False,9.393939393939394
PMC2259377,False,8.369295148424218
PMC2852874,False,8.875739644970414
PMC3534379,False,12.180152960060429
PMC4270772,False,8.75803596384981
PMC3248472,False,13.463324048282265
PMC544866,False,16.0
PMC5201248,False,13.820566877488872
PMC3886849,False,14.50127376053302
PMC4697857,False,13.782542113323123
PMC4697813,False,11.096042411539884
PMC4232736,False,8.052553507098962
PMC4281134,False,23.413762287756928
PMC5955210,False,8.066614623991674
PMC4281248,False,27.85627775534921
PMC4281144,False,26.058631921824105
PMC3534039,False,26.564965807469754
PMC3248459,False,14.392630972941854
PMC3248435,False,20.854526958290943
PMC3891228,False,10.18867924528302
PMC5741710,False,12.900355871886122
PMC4270479,False,15.139598898938262
PMC5062216,False,13.78982406086543
PMC4352303,False,14.734990103364856
PMC3859619,False,16.41337386018237
PMC3674588,False,14.036676477247001
PMC2360219,False,18.834756403817178
PMC3319449,False,16.152716593245227
PMC4297635,False,12.630819198845183
PMC4706859,False,5.819592628516004
PMC3314100,False,20.67517363915361
PMC3031740,False,19.065776930409914
PMC3278513,False,15.316718587746626
PMC3663294,False,16.003765591903978
PMC4160053,False,13.432477812425041
PMC4732717,False,9.758228954267405
PMC3823531,False,19.568151147098515
PMC2806276,False,11.95093825348569
PMC2373502,False,12.558869701726845
PMC2063623,False,11.24310564276623
PMC2151189,False,16.191210485736313
PMC4696203,False,12.348353552859619
PMC3565990,False,11.944091486658195
PMC3543327,False,4.746835443037975
PMC3522427,False,8.865903213889915
PMC3545102,False,14.347202295552368
PMC3541940,False,18.177787630237198
PMC3275675,False,28.45351867940921
PMC3035969,False,9.448035803083043
PMC3312319,False,10.655301012253597
PMC3556173,False,15.62205910031997
PMC3608203,False,6.654466810846781
PMC3262167,False,12.269938650306749
PMC3551991,False,15.143320713899405
PMC3348703,False,14.423076923076923
