OriginalPaperDOI,OriginalPaperPubMedID,PMCID,XMLLink
10.1002/anie.201406764,25219970,PMC4485617,s3://pmc-oa-opendata/PMC4485617.1/PMC4485617.1.xml?md5=36b4f3b55e45798a9206e35cef5ff0bb
10.18632/oncotarget.11298,27542262,PMC5295444,s3://pmc-oa-opendata/PMC5295444.1/PMC5295444.1.xml?md5=8787efbfb001846bf0fdd42120d14182
10.18632/oncotarget.8739,27092877,PMC5078054,s3://pmc-oa-opendata/PMC5078054.1/PMC5078054.1.xml?md5=759186ac7b2b1058da873e95726f180a
10.18632/oncotarget.11631,27572308,PMC5341839,s3://pmc-oa-opendata/PMC5341839.1/PMC5341839.1.xml?md5=2b8ae2008ffa14c13ebc9d9dc952ba87
10.18632/oncotarget.3126,25762632,PMC4466659,s3://pmc-oa-opendata/PMC4466659.1/PMC4466659.1.xml?md5=f2810aa50f5335acb15525f2d2f31bc3
10.1016/j.heliyon.2023.e14265,36938448,PMC10020002,s3://pmc-oa-opendata/PMC10020002.1/PMC10020002.1.xml?md5=f8339d36d64f95d5a54e246a99b10e7c
10.1126/scitranslmed.abc6894,33568521,PMC8351376,s3://pmc-oa-opendata/PMC8351376.1/PMC8351376.1.xml?md5=793cc0120340fba790da4b09bf02865e
10.3390/molecules21101392,27775576,PMC6273331,s3://pmc-oa-opendata/PMC6273331.1/PMC6273331.1.xml?md5=b26d8c9a12b10e2cc3c6b6d05ecc6013
10.3389/fnmol.2020.00033,32292329,PMC7121334,s3://pmc-oa-opendata/PMC7121334.1/PMC7121334.1.xml?md5=34507041324982e46a35175115efc92c
10.3389/fmicb.2015.00807,26300871,PMC4526804,s3://pmc-oa-opendata/PMC4526804.1/PMC4526804.1.xml?md5=e73e9b8a604439beaab648ce980b7cfb
unavailable,18765050,PMC3015881,s3://pmc-oa-opendata/PMC3015881.1/PMC3015881.1.xml?md5=93604fa77f934e55cbf16abd687e7770
10.1371/journal.pone.0170032,28060930,PMC5218505,s3://pmc-oa-opendata/PMC5218505.1/PMC5218505.1.xml?md5=12893bfead995b131e19c69df9098f4b
10.1371/journal.ppat.1000907,20502630,PMC2873921,s3://pmc-oa-opendata/PMC2873921.1/PMC2873921.1.xml?md5=297623f0b0066d0adbcee317f8d606ba
10.1371/journal.pone.0046720,23056421,PMC3463541,s3://pmc-oa-opendata/PMC3463541.1/PMC3463541.1.xml?md5=f61dc7cdc26da4178a60fa9076751fbb
10.1371/journal.pone.0098486,24853093,PMC4031199,s3://pmc-oa-opendata/PMC4031199.1/PMC4031199.1.xml?md5=fc9b508293cc54aeed4e397ac44d1645
10.3892/etm.2016.3843,28105098,PMC5228579,s3://pmc-oa-opendata/PMC5228579.1/PMC5228579.1.xml?md5=845bc810c3f899736491d7193ea390da
10.1021/acsomega.3c01045,37360438,PMC10286259,s3://pmc-oa-opendata/PMC10286259.1/PMC10286259.1.xml?md5=4bc53ed227221e27170feaded108c92c
10.1016/j.heliyon.2020.e04327,32671252,PMC7347657,s3://pmc-oa-opendata/PMC7347657.1/PMC7347657.1.xml?md5=1fcda8cf7ec08a877534abac39943ed3
10.1016/j.heliyon.2020.e03231,32021929,PMC6994313,s3://pmc-oa-opendata/PMC6994313.1/PMC6994313.1.xml?md5=d8778942420c825bef85e7bbe6a5fad6
10.3892/mmr.2021.12546,34841435,PMC8669681,s3://pmc-oa-opendata/PMC8669681.1/PMC8669681.1.xml?md5=ba4e20e190ae9c169324268fc2a598f9
10.3892/ol.2018.9668,30655878,PMC6312954,s3://pmc-oa-opendata/PMC6312954.1/PMC6312954.1.xml?md5=603080b9badbe752c7a0c90942aff825
10.1038/s41586-023-05771-9,37046094,PMC10115647,s3://pmc-oa-opendata/PMC10115647.1/PMC10115647.1.xml?md5=dcde4f8aa9b92e09a1c49906edda2d7f
10.3390/nano9040494,30935156,PMC6523109,s3://pmc-oa-opendata/PMC6523109.1/PMC6523109.1.xml?md5=dedb7eb7c071b295438c8fee96407d97
10.3727/096504017X14888987683152,28315290,PMC7841060,s3://pmc-oa-opendata/PMC7841060.1/PMC7841060.1.xml?md5=4e5dc2c2c653205dad0273e4e420875c
10.1038/ncomms5572,25091017,PMC4143922,s3://pmc-oa-opendata/PMC4143922.1/PMC4143922.1.xml?md5=75332e95ec40f04b1d600f9cce27216c
10.4103/njms.njms_16_24,40510716,PMC12156862,s3://pmc-oa-opendata/PMC12156862.1/PMC12156862.1.xml?md5=3e0c91e4492f6a9ecb3914fcf3641aa3
10.3390/molecules25245875,33322612,PMC7763304,s3://pmc-oa-opendata/PMC7763304.1/PMC7763304.1.xml?md5=04698c4a97ec02d611a414177dfa42df
10.3390/ijms161023823,26473829,PMC4632727,s3://pmc-oa-opendata/PMC4632727.1/PMC4632727.1.xml?md5=66a02235f1378ac757c631ec72d05a9b
10.1186/s12943-017-0594-y,28148261,PMC5286867,s3://pmc-oa-opendata/PMC5286867.1/PMC5286867.1.xml?md5=1b6a30c213b531330f2286a6d02b3d7e
10.3390/ijms18061208,28587313,PMC5486031,s3://pmc-oa-opendata/PMC5486031.1/PMC5486031.1.xml?md5=da4185d8be9595d7ef26f43b6a216ef7
10.1016/j.omtn.2019.09.033,31751910,PMC6881674,s3://pmc-oa-opendata/PMC6881674.1/PMC6881674.1.xml?md5=b27e80c6017291ece5a2dd6c50d5bf52
10.1016/j.isci.2021.103535,34977500,PMC8683592,s3://pmc-oa-opendata/PMC8683592.1/PMC8683592.1.xml?md5=03677401a5108c0ac4f9383b5856bd50
10.1039/D0NA00758G,36132041,PMC9419067,s3://pmc-oa-opendata/PMC9419067.1/PMC9419067.1.xml?md5=0aedf859441e074fc42e3b523ef2ba5c
10.1021/acsomega.0c00376,32309723,PMC7161026,s3://pmc-oa-opendata/PMC7161026.1/PMC7161026.1.xml?md5=8170d81faba6b1abd13d589920f0bdee
10.1093/eurheartjsupp/suaf043,40980007,PMC12449212,s3://pmc-oa-opendata/PMC12449212.1/PMC12449212.1.xml?md5=e9e9ea30e5c9394334047ff5743b0d51
10.1042/BSR20190946,31189746,PMC6620382,s3://pmc-oa-opendata/PMC6620382.1/PMC6620382.1.xml?md5=a6577cba1ce3ce51284a6a5dfcc69f70
10.1111/acel.12951,30907059,PMC6516172,s3://pmc-oa-opendata/PMC6516172.1/PMC6516172.1.xml?md5=f5f6f7f2e4bfb53e6ec11ac090835d58
10.1186/s12868-018-0420-5,29614969,PMC5883307,s3://pmc-oa-opendata/PMC5883307.1/PMC5883307.1.xml?md5=341d08adb5767bae1b65bf878e24ebf0
10.3390/brainsci11121655,34942957,PMC8699139,s3://pmc-oa-opendata/PMC8699139.1/PMC8699139.1.xml?md5=36627a9b7db4302b5df1dd00f1801fa7
10.3390/antiox9060489,32512788,PMC7346210,s3://pmc-oa-opendata/PMC7346210.1/PMC7346210.1.xml?md5=39ca9bddcbe40935b1918558c3dd88fe
10.1016/j.heliyon.2021.e06205,33644474,PMC7895722,s3://pmc-oa-opendata/PMC7895722.1/PMC7895722.1.xml?md5=8df85a6e707a7eeb9b280b391fc746b8
10.21037/tcr.2019.07.36,35116885,PMC8798038,s3://pmc-oa-opendata/PMC8798038.1/PMC8798038.1.xml?md5=454eb04cd1fe9d251a75ae1c7f051460
10.1371/journal.pone.0061852,23620794,PMC3631190,s3://pmc-oa-opendata/PMC3631190.1/PMC3631190.1.xml?md5=6acc8743a29005357b0775b7bf29cfab
10.1371/journal.pone.0170860,28122024,PMC5266294,s3://pmc-oa-opendata/PMC5266294.1/PMC5266294.1.xml?md5=cfe8fb5834a0f99290117a88c1b302ff
10.1371/journal.pone.0151922,27093541,PMC4836704,s3://pmc-oa-opendata/PMC4836704.1/PMC4836704.1.xml?md5=1201f45422870c19386750adc948b6ee
10.3390/pharmaceutics13050700,34064916,PMC8150897,s3://pmc-oa-opendata/PMC8150897.1/PMC8150897.1.xml?md5=336d47e3cd2739193666f1edc1b48acd
10.1073/pnas.2308260120,37748060,PMC10556565,s3://pmc-oa-opendata/PMC10556565.1/PMC10556565.1.xml?md5=75aec18d989b983e383bb3a295dd710c
10.1128/mbio.03197-21,35357202,PMC9040802,s3://pmc-oa-opendata/PMC9040802.1/PMC9040802.1.xml?md5=fa18a531dd457db7ee0feb1ce6e94b8e
10.1128/msphere.00819-21,34643424,PMC8513678,s3://pmc-oa-opendata/PMC8513678.1/PMC8513678.1.xml?md5=bc0991c65cf4a5393d397f297e15b31b
10.1016/j.scp.2023.101136,37333050,PMC10239909,s3://pmc-oa-opendata/PMC10239909.1/PMC10239909.1.xml?md5=6aedcdfaea748ce98c2d3aae5139a294
10.18632/oncotarget.15796,28423596,PMC5410326,s3://pmc-oa-opendata/PMC5410326.1/PMC5410326.1.xml?md5=b9c898b525ccd6023f50d992698ec6d6
10.1038/ni.2566,23525087,PMC3631447,s3://pmc-oa-opendata/PMC3631447.1/PMC3631447.1.xml?md5=b4b2b01be737a54528444d1fcd2aa527
10.1126/sciadv.ade8971,36542710,PMC9770993,s3://pmc-oa-opendata/PMC9770993.1/PMC9770993.1.xml?md5=d11129ebf2c4e441fee2404f1acf00f3
10.18632/aging.103711,33735107,PMC8034888,s3://pmc-oa-opendata/PMC8034888.1/PMC8034888.1.xml?md5=36f2f148722ce2a1c64e7ad8ec981fef
10.18632/oncotarget.13358,27863409,PMC5349938,s3://pmc-oa-opendata/PMC5349938.1/PMC5349938.1.xml?md5=83d24d55d98657d2cf2a265e00cae939
10.3390/ijms21114138,32531976,PMC7312570,s3://pmc-oa-opendata/PMC7312570.1/PMC7312570.1.xml?md5=5ac3a2dc68d417ea586267d1a4030238
10.1371/journal.pone.0094011,24714040,PMC3979714,s3://pmc-oa-opendata/PMC3979714.1/PMC3979714.1.xml?md5=9f3b38a4930ae694fd749ee9e12c1acd
10.1016/j.jvssci.2020.09.002,33842897,PMC8034587,s3://pmc-oa-opendata/PMC8034587.2/PMC8034587.2.xml?md5=5175e9755a6ebe6437e40e9a3ca3e240
10.1111/j.1460-9568.2009.06664.x,19302148,PMC2692517,s3://pmc-oa-opendata/PMC2692517.1/PMC2692517.1.xml?md5=350f70e329825adcec1299898b4abc22
10.1039/c8ra10051a,35518702,PMC9061809,s3://pmc-oa-opendata/PMC9061809.1/PMC9061809.1.xml?md5=d9cc601e4a2a173ac44e1f825759d6de
10.1016/j.biocel.2006.02.003,16546436,PMC7108415,s3://pmc-oa-opendata/PMC7108415.1/PMC7108415.1.xml?md5=9e29d8d46b2b8ea0e04cd7ce94adb28a
10.1111/j.1471-4159.2011.07497.x,21951066,PMC3217121,s3://pmc-oa-opendata/PMC3217121.1/PMC3217121.1.xml?md5=1f0c6ee390ccca1a8d88025db69d2505
10.1002/cam4.1951,30656846,PMC6382719,s3://pmc-oa-opendata/PMC6382719.1/PMC6382719.1.xml?md5=b5f20188161d9dc3957e63e451120019
10.1002/cam4.3285,32691991,PMC7476825,s3://pmc-oa-opendata/PMC7476825.1/PMC7476825.1.xml?md5=210c630e2f3f590c9cf163fb78b1456a
10.1002/cam4.2839,31943867,PMC7050070,s3://pmc-oa-opendata/PMC7050070.1/PMC7050070.1.xml?md5=f888ccc883e5b9606959287c9b48694f
10.1042/BSR20193431,32091090,PMC7056449,s3://pmc-oa-opendata/PMC7056449.1/PMC7056449.1.xml?md5=67e46fda42d30677a93a704dcecb66dd
10.1126/sciadv.1701386,28948225,PMC5606707,s3://pmc-oa-opendata/PMC5606707.1/PMC5606707.1.xml?md5=a4da8edf360bb9a26a29cc60dfedf10c
10.1371/journal.pone.0161468,27537840,PMC4990195,s3://pmc-oa-opendata/PMC4990195.1/PMC4990195.1.xml?md5=f27dee4c70d5530a7eeba8837a65b19a
10.1186/ar3441,21835001,PMC3239372,s3://pmc-oa-opendata/PMC3239372.1/PMC3239372.1.xml?md5=13c430e3d51ec57b77e4adbaf476f0f7
10.1186/s13071-023-06075-7,38124152,PMC10734124,s3://pmc-oa-opendata/PMC10734124.1/PMC10734124.1.xml?md5=4f9bb4d85cc072dcbaf06d3f72eb133a
10.1186/1741-7015-11-222,24120035,PMC3851815,s3://pmc-oa-opendata/PMC3851815.1/PMC3851815.1.xml?md5=833cd9ef5d24016ccfbafe59ce203312
10.1016/j.biopsych.2015.01.015,25802082,PMC4529386,s3://pmc-oa-opendata/PMC4529386.1/PMC4529386.1.xml?md5=918fada237037feac6e27baa93154349
10.1016/j.biopsych.2013.04.009,23683389,PMC3742720,s3://pmc-oa-opendata/PMC3742720.1/PMC3742720.1.xml?md5=10636c57d4aee7f126bc6a4eb0fc18b7
10.1371/journal.pone.0029058,22216167,PMC3245238,s3://pmc-oa-opendata/PMC3245238.1/PMC3245238.1.xml?md5=3e5d8e79eee346d7613333cc8a9cf23b
10.18632/aging.102167,31481647,PMC6756868,s3://pmc-oa-opendata/PMC6756868.1/PMC6756868.1.xml?md5=753f8b69c690d694916a637fcd91cbca
10.1038/nchembio.2409,28628094,PMC5562517,s3://pmc-oa-opendata/PMC5562517.1/PMC5562517.1.xml?md5=92c296fec0415c56c451b405f7406084
10.1038/s41598-021-96351-2,34654856,PMC8521584,s3://pmc-oa-opendata/PMC8521584.1/PMC8521584.1.xml?md5=ad92a7a6075d77844054d7c9e0fb827a
10.1016/j.cell.2019.09.004,31585079,PMC6800120,s3://pmc-oa-opendata/PMC6800120.1/PMC6800120.1.xml?md5=2597bc68c83deccb07ee0273e7b368ca
10.1007/s11356-022-23588-3,36279059,PMC9938037,s3://pmc-oa-opendata/PMC9938037.1/PMC9938037.1.xml?md5=ec82471d4a4364c71513f161aba4ec26
10.1172/jci.insight.148309,36099053,PMC9675439,s3://pmc-oa-opendata/PMC9675439.1/PMC9675439.1.xml?md5=bd0f14d5331de6fcf6acff8fec6b3726
10.1016/j.brainres.2017.06.010,28625390,PMC5538381,s3://pmc-oa-opendata/PMC5538381.1/PMC5538381.1.xml?md5=493082839c041b2b8b382e866b770949
10.1158/1940-6207.CAPR-17-0198,28851690,PMC5626664,s3://pmc-oa-opendata/PMC5626664.1/PMC5626664.1.xml?md5=7e275edb8af53259ca217fda0f98dafc
10.1042/BSR20182025,30872407,PMC6454017,s3://pmc-oa-opendata/PMC6454017.1/PMC6454017.1.xml?md5=b48b4bacc39df16668af2980e4d200b7
10.3390/cancers13112780,34204997,PMC8199894,s3://pmc-oa-opendata/PMC8199894.1/PMC8199894.1.xml?md5=c6cdd814243280caf7d0351dddc49197
10.1002/ana.23642,23034916,PMC3464917,s3://pmc-oa-opendata/PMC3464917.1/PMC3464917.1.xml?md5=5ad6e62359f3d09a705cc7be75e256ee
10.1016/j.anbehav.2014.04.017,32287335,PMC7119443,s3://pmc-oa-opendata/PMC7119443.1/PMC7119443.1.xml?md5=64f50327fd8d191eeead6db9b4419422
10.1136/annrheumdis-2015-208444,26783110,PMC5136703,s3://pmc-oa-opendata/PMC5136703.1/PMC5136703.1.xml?md5=61745e50e2edf44f347fa017e302bd99
10.1093/nar/gkn1080,19153139,PMC2655694,s3://pmc-oa-opendata/PMC2655694.1/PMC2655694.1.xml?md5=1ec6bf816f392e98784ded029a512fb3
10.4103/japtr.japtr_258_22,36643134,PMC9836135,s3://pmc-oa-opendata/PMC9836135.1/PMC9836135.1.xml?md5=f1cf740da1049664aa210986a544a497
10.4103/japtr.japtr_256_22,36643137,PMC9836119,s3://pmc-oa-opendata/PMC9836119.1/PMC9836119.1.xml?md5=128e88a4608cc79b19ee27c645026fbb
10.4103/japtr.japtr_238_22,36643126,PMC9836136,s3://pmc-oa-opendata/PMC9836136.1/PMC9836136.1.xml?md5=babcf100c7e5fa2e5bb39bdbb37a729a
10.1371/journal.pone.0004567,19234595,PMC2639640,s3://pmc-oa-opendata/PMC2639640.1/PMC2639640.1.xml?md5=26092a4e0592f74818d4a77d29a6e75b
10.1016/j.neo.2016.04.003,27292024,PMC4909700,s3://pmc-oa-opendata/PMC4909700.1/PMC4909700.1.xml?md5=9ab6972780b857e6e124f0e210dcfbd9
10.14252/foodsafetyfscj.D-21-00006,34631336,PMC8472094,s3://pmc-oa-opendata/PMC8472094.1/PMC8472094.1.xml?md5=ca3fdc6fcd7a8f87d1aa33cacfc9f467
10.7759/cureus.23616,35505724,PMC9053370,s3://pmc-oa-opendata/PMC9053370.1/PMC9053370.1.xml?md5=60135370ec802035765c0aff4d29ad7d
10.1016/j.ygyno.2009.06.031,19647308,PMC2760307,s3://pmc-oa-opendata/PMC2760307.1/PMC2760307.1.xml?md5=8ba7e4f2e1ca6ba367ee666edede94c0
10.1038/onc.2013.444,24166501,PMC4002670,s3://pmc-oa-opendata/PMC4002670.1/PMC4002670.1.xml?md5=6af8f7725358d5759028da684cdcf685
10.1371/journal.pone.0138515,26407074,PMC4583418,s3://pmc-oa-opendata/PMC4583418.1/PMC4583418.1.xml?md5=e240c19979698f2763cbd0b91babbb21
10.1002/mgg3.1349,32537941,PMC7434752,s3://pmc-oa-opendata/PMC7434752.1/PMC7434752.1.xml?md5=19bfe936bffc49db9965e13b000ba731
10.1053/j.gastro.2009.01.069,19208366,PMC2677121,s3://pmc-oa-opendata/PMC2677121.1/PMC2677121.1.xml?md5=4af81ef08320f15aeb4df31444a0432b
10.1053/j.gastro.2016.07.029,27475306,PMC5159314,s3://pmc-oa-opendata/PMC5159314.1/PMC5159314.1.xml?md5=b58d13daf4b8c299e22c633a6f5a5d0c
10.18632/oncotarget.23282,30546827,PMC6281420,s3://pmc-oa-opendata/PMC6281420.1/PMC6281420.1.xml?md5=64c9643230075a823ca36edb30472d1e
10.18632/aging.102756,32048611,PMC7041754,s3://pmc-oa-opendata/PMC7041754.1/PMC7041754.1.xml?md5=569450a0cd48edd0cb8a7310b837a30b
10.1038/s41419-018-1253-y,30622236,PMC6325129,s3://pmc-oa-opendata/PMC6325129.1/PMC6325129.1.xml?md5=c9f7d87989f66079921933bbcc93f6b5
10.1002/2211-5463.12479,30087833,PMC6070650,s3://pmc-oa-opendata/PMC6070650.1/PMC6070650.1.xml?md5=39018cb6b72817d38bb56ed1db88f805
10.1002/cam4.1353,29473328,PMC5852357,s3://pmc-oa-opendata/PMC5852357.1/PMC5852357.1.xml?md5=facac6865d23d043d7567aa11b62dcb2
10.1177/1533033818797587,30198403,PMC6131299,s3://pmc-oa-opendata/PMC6131299.1/PMC6131299.1.xml?md5=c0b426cf99c136ad84a18c6c7099292d
10.3892/ijmm.2020.4637,32626924,PMC7307809,s3://pmc-oa-opendata/PMC7307809.1/PMC7307809.1.xml?md5=c161a0e7ba8008c2895a8f8c954b1dc2
10.3892/ijo.2018.4431,29901195,PMC6017223,s3://pmc-oa-opendata/PMC6017223.1/PMC6017223.1.xml?md5=9b1346a13e98b6930a71b7dc38307d9e
10.1371/journal.pone.0051537,23251568,PMC3519725,s3://pmc-oa-opendata/PMC3519725.1/PMC3519725.1.xml?md5=94057137a666c99954f6e5ffd1c9344b
10.1186/s13045-022-01338-9,35978332,PMC9387035,s3://pmc-oa-opendata/PMC9387035.1/PMC9387035.1.xml?md5=b89c21538939c0fa948c3e4d3c321b28
10.1016/j.yjmcc.2010.10.023,21035453,PMC3018539,s3://pmc-oa-opendata/PMC3018539.1/PMC3018539.1.xml?md5=4db48166fbbd5119ba2e483f36c46157
10.1016/j.freeradbiomed.2011.09.005,21996563,PMC3224204,s3://pmc-oa-opendata/PMC3224204.1/PMC3224204.1.xml?md5=29bf7624a7e6da2251029be8888df811
10.1186/s12957-023-03114-6,37481582,PMC10362562,s3://pmc-oa-opendata/PMC10362562.1/PMC10362562.1.xml?md5=a1e0d2bf1da758d7123db56c8a70264a
10.1039/d0ra01415j,35492116,PMC9051252,s3://pmc-oa-opendata/PMC9051252.1/PMC9051252.1.xml?md5=561c1b62f66bba64f7e63a9614bc13af
10.3389/fnmol.2017.00059,28360834,PMC5350151,s3://pmc-oa-opendata/PMC5350151.1/PMC5350151.1.xml?md5=165fe34a2a19e0809b268b0eafaef2ac
10.1016/j.jhep.2014.10.009,25457208,PMC4336638,s3://pmc-oa-opendata/PMC4336638.1/PMC4336638.1.xml?md5=bb5edc9da4a96fdc28ca42e956b03f35
10.1007/s00210-023-02449-x,36864348,PMC10409850,s3://pmc-oa-opendata/PMC10409850.1/PMC10409850.1.xml?md5=652df5f094f98e06c747fa0be530be2b
10.1371/journal.pone.0055695,23585825,PMC3621864,s3://pmc-oa-opendata/PMC3621864.1/PMC3621864.1.xml?md5=8340fa0f99c44f170d4c1eca625e02d9
10.1186/s12951-020-00626-1,32404183,PMC7222444,s3://pmc-oa-opendata/PMC7222444.1/PMC7222444.1.xml?md5=a9bd73970881eaf38f3d32ff00a3714d
10.1111/jnc.14292,29315574,PMC6371812,s3://pmc-oa-opendata/PMC6371812.1/PMC6371812.1.xml?md5=679abdd31b9d3f784d2d1ee1b7f64b2a
10.1093/nar/gkab1066,34761272,PMC8754661,s3://pmc-oa-opendata/PMC8754661.1/PMC8754661.1.xml?md5=9cb8503ec03a53bd67a34f4f021cb649
10.1186/s12931-020-01426-9,32586329,PMC7318404,s3://pmc-oa-opendata/PMC7318404.1/PMC7318404.1.xml?md5=bdc7c861197891b457aafe44cf8c3401
10.1186/s10020-018-0020-y,30134805,PMC6016877,s3://pmc-oa-opendata/PMC6016877.1/PMC6016877.1.xml?md5=a96dc48d40e6f47cb97efad72f92a098
10.1002/hep.26554,23744610,PMC3800498,s3://pmc-oa-opendata/PMC3800498.1/PMC3800498.1.xml?md5=ea60cba5b66ee3a69abf4b444a797e5d
10.1371/journal.pone.0063636,23691078,PMC3653944,s3://pmc-oa-opendata/PMC3653944.1/PMC3653944.1.xml?md5=4a73ecdad61a04563a16b6e19d296ee7
10.1371/journal.pone.0009616,20231902,PMC2834758,s3://pmc-oa-opendata/PMC2834758.1/PMC2834758.1.xml?md5=06da453a5cff76551efcd85923bdf905
10.1002/hep.25872,22653837,PMC3460040,s3://pmc-oa-opendata/PMC3460040.1/PMC3460040.1.xml?md5=9b57f0c4dfa4df6ef462ad0ef7fdcd9f
10.1002/hep.24723,21987453,PMC3272110,s3://pmc-oa-opendata/PMC3272110.1/PMC3272110.1.xml?md5=bb4cb45ed95f5e3e5d03ab34d17821b6
10.1038/s41598-018-28906-9,30006571,PMC6045626,s3://pmc-oa-opendata/PMC6045626.1/PMC6045626.1.xml?md5=55f3704891b6a146bf68227f82e8fd35
10.1186/s11671-021-03477-3,33566202,PMC7876219,s3://pmc-oa-opendata/PMC7876219.1/PMC7876219.1.xml?md5=487649575a009c978d7c4e9be5fa43c2
10.1186/s40064-015-1059-7,26155454,PMC4489967,s3://pmc-oa-opendata/PMC4489967.1/PMC4489967.1.xml?md5=2140ccc9aaab2dccc55703094e466a89
10.1038/bjc.2016.244,27537390,PMC5023779,s3://pmc-oa-opendata/PMC5023779.1/PMC5023779.1.xml?md5=05ebd1e10639644176d31994841d95f3
10.3892/or.2019.7142,31059077,PMC6549098,s3://pmc-oa-opendata/PMC6549098.1/PMC6549098.1.xml?md5=a7921b1e0f68285c2ee5fa0310dd37e4
10.1016/j.ccr.2012.09.003,23079660,PMC3973134,s3://pmc-oa-opendata/PMC3973134.1/PMC3973134.1.xml?md5=0acb0733a70fffd0c960c077cbaa2da5
10.1016/j.celrep.2015.05.046,26119735,PMC4858438,s3://pmc-oa-opendata/PMC4858438.1/PMC4858438.1.xml?md5=655ceeda4ce2f7a50228305aea4ebac3
10.1016/j.stem.2010.03.001,20362538,PMC4336800,s3://pmc-oa-opendata/PMC4336800.1/PMC4336800.1.xml?md5=4de07b5ec0c9791357ea3a21f4222925
10.1093/jxb/err180,21705389,PMC3193004,s3://pmc-oa-opendata/PMC3193004.1/PMC3193004.1.xml?md5=e07bc7a573ea02de8a480108b4a8c6c6
10.1038/s41392-019-0082-5,31839998,PMC6895114,s3://pmc-oa-opendata/PMC6895114.1/PMC6895114.1.xml?md5=0621c1cd453e2a0897627c5390853f99
10.1371/journal.pone.0000414,17476336,PMC1853234,s3://pmc-oa-opendata/PMC1853234.1/PMC1853234.1.xml?md5=b11825715c57907155cb05653775cee0
10.1038/s41467-017-01224-w,29079776,PMC5660089,s3://pmc-oa-opendata/PMC5660089.1/PMC5660089.1.xml?md5=dfb5c8a46e3759704944916b0500e879
10.1186/s12916-019-1457-8,31818299,PMC6902459,s3://pmc-oa-opendata/PMC6902459.1/PMC6902459.1.xml?md5=c3355d71f8dd65c7617896c620294d94
10.2337/db12-1229,23396401,PMC3712073,s3://pmc-oa-opendata/PMC3712073.1/PMC3712073.1.xml?md5=c4b701d40db9a7f1c435c3dcd2b332e8
10.4081/ejh.2010.e17,20558339,PMC3167301,s3://pmc-oa-opendata/PMC3167301.1/PMC3167301.1.xml?md5=066825a8f367346aaeae36a9d8699262
10.1093/nar/gki529,15849318,PMC1084325,s3://pmc-oa-opendata/PMC1084325.1/PMC1084325.1.xml?md5=7f9431ce9d705f14a769d5bfec44bf17
10.1016/j.celrep.2018.12.081,30726731,PMC6367597,s3://pmc-oa-opendata/PMC6367597.1/PMC6367597.1.xml?md5=03e0d5b14872c7865e16ba8c999e7530
10.1021/acscentsci.8b00050,29806003,PMC5968444,s3://pmc-oa-opendata/PMC5968444.1/PMC5968444.1.xml?md5=062b445d7f4ebf420b0e82ab934db170
10.1089/met.2018.0140,31145036,PMC6708263,s3://pmc-oa-opendata/PMC6708263.1/PMC6708263.1.xml?md5=89a9c30001834b3022e0aceef4f9b17e
10.1186/s13071-017-2239-9,28645315,PMC5481909,s3://pmc-oa-opendata/PMC5481909.1/PMC5481909.1.xml?md5=407170e9719d97a7851f74a483c4a473
10.1111/cas.12656,25783790,PMC4471794,s3://pmc-oa-opendata/PMC4471794.1/PMC4471794.1.xml?md5=f2448bf52a79325c0f16f6b5de555772
10.1002/mgg3.1043,31724324,PMC6978255,s3://pmc-oa-opendata/PMC6978255.1/PMC6978255.1.xml?md5=121c257e0015679107146e03bf606f10
10.1002/mgg3.991,31573758,PMC6900391,s3://pmc-oa-opendata/PMC6900391.1/PMC6900391.1.xml?md5=2d688156ef31696c8a5ed7ef0a6a400e
10.1002/cam4.2815,31894666,PMC7013059,s3://pmc-oa-opendata/PMC7013059.1/PMC7013059.1.xml?md5=5a2aa2fb3b70c76e584e4f9efaa2e8e4
10.1371/journal.pone.0125634,25973748,PMC4431800,s3://pmc-oa-opendata/PMC4431800.1/PMC4431800.1.xml?md5=c06c3957ad9fc733fffab7a9f4ca93a9
10.1371/journal.pone.0089097,24586525,PMC3929653,s3://pmc-oa-opendata/PMC3929653.1/PMC3929653.1.xml?md5=dde2ef01cfe6bf1d3b2388cc0c84ba8b
10.1042/BSR20150002,25720435,PMC4413019,s3://pmc-oa-opendata/PMC4413019.1/PMC4413019.1.xml?md5=e40ec5d5811d5edf391c62ab0c9ad153
10.1371/journal.pbio.1000465,20808781,PMC2927536,s3://pmc-oa-opendata/PMC2927536.1/PMC2927536.1.xml?md5=9b607f32ae58e730ec81e6924d913198
10.1186/s13046-019-1070-x,30728039,PMC6364431,s3://pmc-oa-opendata/PMC6364431.1/PMC6364431.1.xml?md5=e4ff964008eaa034f861ed1f0997afa2
10.1371/journal.pgen.1000680,19816568,PMC2752189,s3://pmc-oa-opendata/PMC2752189.1/PMC2752189.1.xml?md5=3817dbfdf3255a51a9e3cc7ab5e86866
10.1177/17448069221106844,35748325,PMC9237923,s3://pmc-oa-opendata/PMC9237923.1/PMC9237923.1.xml?md5=c2df54e1b1d72079a0c07f915cc4a9e7
10.1002/oby.20559,23839791,PMC3830593,s3://pmc-oa-opendata/PMC3830593.1/PMC3830593.1.xml?md5=cd9b64b1fce1d6d05d0a7e6aa70a86e9
10.12659/MSM.920248,31935210,PMC6978991,s3://pmc-oa-opendata/PMC6978991.1/PMC6978991.1.xml?md5=20934639d39352c5672639ae0fcac455
10.12659/MSM.916931,31512681,PMC6754708,s3://pmc-oa-opendata/PMC6754708.1/PMC6754708.1.xml?md5=a329d11663385c3ce2f3bf35e552d075
10.12659/MSM.916635,31492830,PMC6752110,s3://pmc-oa-opendata/PMC6752110.1/PMC6752110.1.xml?md5=c02b136df8326ec96767d2189a238c5a
10.12659/MSM.916116,31404056,PMC6703090,s3://pmc-oa-opendata/PMC6703090.1/PMC6703090.1.xml?md5=aba94c489e4d0f7e88ff5629a026cc7f
10.12659/MSM.914348,31005958,PMC6492615,s3://pmc-oa-opendata/PMC6492615.1/PMC6492615.1.xml?md5=4473aa279e6a1d7a469c3c494b0c0f8a
10.12659/MSM.914244,31005960,PMC6489536,s3://pmc-oa-opendata/PMC6489536.1/PMC6489536.1.xml?md5=c515926029be19631fd4586fc8ef7c4b
10.12659/MSM.914242,31219101,PMC6598461,s3://pmc-oa-opendata/PMC6598461.1/PMC6598461.1.xml?md5=b52085e5c7f46ad0d6ba4ac5b9ee6464
10.12659/MSM.913873,30879017,PMC6436240,s3://pmc-oa-opendata/PMC6436240.1/PMC6436240.1.xml?md5=ebc147d1f8185f971ec1f17f8121580d
10.12659/MSM.913771,30997898,PMC6484873,s3://pmc-oa-opendata/PMC6484873.1/PMC6484873.1.xml?md5=f967248045c924f8c358459ee3edc56d
10.12659/MSM.913180,30650069,PMC6343521,s3://pmc-oa-opendata/PMC6343521.1/PMC6343521.1.xml?md5=b6e5c658ebfd6b4ec30130477ad2c546
10.12659/MSM.913138,30681987,PMC6357824,s3://pmc-oa-opendata/PMC6357824.1/PMC6357824.1.xml?md5=78467a6940807891fcc04460bd0b423d
10.12659/MSM.912992,30860205,PMC6423732,s3://pmc-oa-opendata/PMC6423732.1/PMC6423732.1.xml?md5=bc51ed6b20142c24133a0e6858313d57
10.12659/MSM.909745,30171812,PMC6130173,s3://pmc-oa-opendata/PMC6130173.1/PMC6130173.1.xml?md5=b5cffe7412449b707e92092f526ff0ec
10.12659/MSM.909682,30135419,PMC6118161,s3://pmc-oa-opendata/PMC6118161.1/PMC6118161.1.xml?md5=ec6de79a8f6b1841f023e15dd33b21e0
10.12659/msm.901055,28420864,PMC5405785,s3://pmc-oa-opendata/PMC5405785.1/PMC5405785.1.xml?md5=50430ce4348c65bc7bd4933d76d906ce
10.12659/MSM.909125,29961751,PMC6058735,s3://pmc-oa-opendata/PMC6058735.1/PMC6058735.1.xml?md5=ab1ec94aacacaf3efb5e5c41b8377169
10.12659/msm.898574,27932778,PMC5167104,s3://pmc-oa-opendata/PMC5167104.1/PMC5167104.1.xml?md5=acec34b81868aa2768763030250c8116
10.3892/ol.2018.9439,30405765,PMC6202547,s3://pmc-oa-opendata/PMC6202547.1/PMC6202547.1.xml?md5=7e590e23c8afa3d1941cc82bbbb84805
10.1371/journal.pone.0151769,27003504,PMC4803327,s3://pmc-oa-opendata/PMC4803327.1/PMC4803327.1.xml?md5=d448206c7925d14135162f9b1f88fad4
10.1038/s41467-022-28533-z,35173169,PMC8850555,s3://pmc-oa-opendata/PMC8850555.1/PMC8850555.1.xml?md5=42c0b83d583e928ca56ca0ee47043896
10.1098/rsob.160247,28077595,PMC5303272,s3://pmc-oa-opendata/PMC5303272.1/PMC5303272.1.xml?md5=59c55eb301c523f93266b9328faefd3c
10.1177/1533033820917978,32266860,PMC7144672,s3://pmc-oa-opendata/PMC7144672.1/PMC7144672.1.xml?md5=8f9b142378b82ce112edbb4b48a98c08
10.1042/BSR20181196,30962271,PMC6499500,s3://pmc-oa-opendata/PMC6499500.1/PMC6499500.1.xml?md5=609a773ff17d10d4fefa028c200d27b8
10.2147/CMAR.S261979,33116856,PMC7567574,s3://pmc-oa-opendata/PMC7567574.1/PMC7567574.1.xml?md5=61d2835955e6684289ad0cd147921073
10.2147/IJN.S210548,31496686,PMC6689535,s3://pmc-oa-opendata/PMC6689535.1/PMC6689535.1.xml?md5=7eda848b160cf9e55db05cd425216c27
10.1002/mgg3.757,31207175,PMC6712722,s3://pmc-oa-opendata/PMC6712722.1/PMC6712722.1.xml?md5=5411a4b4ec6252fdc4286bd448b940f0
10.1093/nar/gku1368,25578966,PMC4330351,s3://pmc-oa-opendata/PMC4330351.1/PMC4330351.1.xml?md5=33fe6029a4ab646a91e412e7dd7501c1
10.1007/s13277-016-4892-6,27002617,PMC4999477,s3://pmc-oa-opendata/PMC4999477.1/PMC4999477.1.xml?md5=2bb3f6b3f49631897ba471dd134753d5
10.1016/j.omtn.2018.06.011,30195794,PMC6077131,s3://pmc-oa-opendata/PMC6077131.1/PMC6077131.1.xml?md5=ac3afdc0fc5c31a73880618e55be2ff3
10.2147/OTT.S236162,32158226,PMC6986254,s3://pmc-oa-opendata/PMC6986254.1/PMC6986254.1.xml?md5=9f0ab114eb66360237824610c160dbfb
10.1042/BSR20193800,32010928,PMC7070146,s3://pmc-oa-opendata/PMC7070146.1/PMC7070146.1.xml?md5=3f5d9855be0ab9942ec3bf5dfa0c38b9
10.1016/j.molcel.2014.05.030,24950377,PMC4076709,s3://pmc-oa-opendata/PMC4076709.1/PMC4076709.1.xml?md5=bc0c04b1a1e7579af460b92ab145b6ec
10.3892/or.2015.4051,26062664,PMC4487667,s3://pmc-oa-opendata/PMC4487667.1/PMC4487667.1.xml?md5=e4fcc0e012d69aa2f2b1c6a04f533993
10.1016/j.omtn.2019.12.028,32193152,PMC7078529,s3://pmc-oa-opendata/PMC7078529.1/PMC7078529.1.xml?md5=3848b43a5471100915a6c462710c95f5
10.1016/j.omtn.2017.12.022,29499953,PMC5862396,s3://pmc-oa-opendata/PMC5862396.1/PMC5862396.1.xml?md5=98c8557f9ba77f55cbc34a979c5a06ea
10.1016/j.omtn.2020.05.032,32585630,PMC7321793,s3://pmc-oa-opendata/PMC7321793.1/PMC7321793.1.xml?md5=7ddbf03eacc5b20c09b15e38648d230f
10.1002/2211-5463.12139,28255535,PMC5324767,s3://pmc-oa-opendata/PMC5324767.1/PMC5324767.1.xml?md5=e89aeeb5a276f3bedfb7438b4ba16a83
10.1186/s12943-018-0845-6,30001707,PMC6043995,s3://pmc-oa-opendata/PMC6043995.1/PMC6043995.1.xml?md5=c996dd44edfbf47d2b3dc6903884fcab
10.2147/NDT.S260748,32801720,PMC7410492,s3://pmc-oa-opendata/PMC7410492.1/PMC7410492.1.xml?md5=7789d2929534776f15bb626df4ff8cf2
10.1371/journal.pbio.1001040,21483722,PMC3071376,s3://pmc-oa-opendata/PMC3071376.1/PMC3071376.1.xml?md5=e5082688a7fe9de671999ccca668ca91
10.1038/s41419-020-02793-3,32709922,PMC7381633,s3://pmc-oa-opendata/PMC7381633.1/PMC7381633.1.xml?md5=cabac5e1a856c32f3825feb647fdd23b
10.1093/jb/mvz016,30859186,PMC6607969,s3://pmc-oa-opendata/PMC6607969.1/PMC6607969.1.xml?md5=f5c77e53938e9511e95a33b0afdf8baa
10.1038/s41419-018-1002-2,30206213,PMC6133942,s3://pmc-oa-opendata/PMC6133942.1/PMC6133942.1.xml?md5=152d7d753ddbc22b12238d25d5d5ce15
10.1016/j.jacbts.2019.10.006,32043021,PMC7000872,s3://pmc-oa-opendata/PMC7000872.1/PMC7000872.1.xml?md5=c15065ebad878c871277c205a3cf9f16
10.1039/c8ra04876b,35548736,PMC9085497,s3://pmc-oa-opendata/PMC9085497.1/PMC9085497.1.xml?md5=47c775bd51e410004d6bfe7d743c48b0
10.1039/C8RA06860G,35559288,PMC9091567,s3://pmc-oa-opendata/PMC9091567.1/PMC9091567.1.xml?md5=89b0bfeda2fdb9b1d3f0dcbcb12bb616
10.1039/d0ra00020e,35517205,PMC9053632,s3://pmc-oa-opendata/PMC9053632.1/PMC9053632.1.xml?md5=e438f3a304305dea8f27a6f2ced8a820
10.1016/j.ccr.2010.09.005,20951946,PMC3561766,s3://pmc-oa-opendata/PMC3561766.1/PMC3561766.1.xml?md5=74e9c6da160eb547eae8372deadb7a7d
10.1111/jcmm.13557,29524303,PMC5980158,s3://pmc-oa-opendata/PMC5980158.1/PMC5980158.1.xml?md5=8cc8c284df98cfe52069d89c0586c4d0
10.1111/jcmm.13597,29536658,PMC5980153,s3://pmc-oa-opendata/PMC5980153.1/PMC5980153.1.xml?md5=1a8876afaa4d155e46a7cd038d2c3ea9
10.1177/1533034618756784,29466930,PMC5826012,s3://pmc-oa-opendata/PMC5826012.1/PMC5826012.1.xml?md5=63ab92c4ae92b5b62cd4dbff59fce60f
10.1039/c8ra01200h,35539662,PMC9080600,s3://pmc-oa-opendata/PMC9080600.1/PMC9080600.1.xml?md5=17713abf32a95e4bbbc45e5df5cf1ead
10.1038/s41467-020-17310-5,32669568,PMC7363810,s3://pmc-oa-opendata/PMC7363810.1/PMC7363810.1.xml?md5=55388c19f65861352a4457cdfe5ddde7
10.1371/journal.pone.001033,20454457,PMC2861599,s3://pmc-oa-opendata/PMC2861599.1/PMC2861599.1.xml?md5=d2896ed01327a7fea48ccfb6c419fdd9
10.1016/j.omtn.2021.02.020,33898106,PMC8059086,s3://pmc-oa-opendata/PMC8059086.1/PMC8059086.1.xml?md5=6828e94a3e9c02db8ac19ed027754eed
10.2147/TCRM.S15812,21206758,PMC3012448,s3://pmc-oa-opendata/PMC3012448.1/PMC3012448.1.xml?md5=0df6783489000e4b6de0665ad806acb6
10.1038/s41598-021-85097-6,33707587,PMC7952414,s3://pmc-oa-opendata/PMC7952414.1/PMC7952414.1.xml?md5=df7190633d67e66f6697d67d4de25097
10.18632/oncotarget.22151,29245973,PMC5725015,s3://pmc-oa-opendata/PMC5725015.1/PMC5725015.1.xml?md5=2b4ab090c5966b1296872fa883db6017
10.1016/j.jaci.2019.11.041,31837371,PMC7214202,s3://pmc-oa-opendata/PMC7214202.1/PMC7214202.1.xml?md5=e1e5bdc78930b7848982ffbffb9cd415
10.1002/hep.24293,21391227,PMC3103615,s3://pmc-oa-opendata/PMC3103615.1/PMC3103615.1.xml?md5=a2b56c81e15ea0c9b0e247b3eaea0a8b
10.1002/cam4.1030,28332309,PMC5387172,s3://pmc-oa-opendata/PMC5387172.1/PMC5387172.1.xml?md5=ad2e40b581c079572bdcee0a97299d06
10.18632/oncotarget.21167,29254169,PMC5731879,s3://pmc-oa-opendata/PMC5731879.1/PMC5731879.1.xml?md5=cc794ef2e3af151c09049a054b8eff16
10.7554/eLife.34532,29624167,PMC5947986,s3://pmc-oa-opendata/PMC5947986.1/PMC5947986.1.xml?md5=7b5f5076ad60332e681c1b7bc9146fee
10.1155/2016/4598583,26941794,PMC4749791,s3://pmc-oa-opendata/PMC4749791.1/PMC4749791.1.xml?md5=15a9104d92daa754fb5f146e2b405a5e
10.1177/1533033818790490,30175664,PMC6120177,s3://pmc-oa-opendata/PMC6120177.1/PMC6120177.1.xml?md5=6bf8349e1e12b030d8f7497b08c6102c
10.12659/MSM.910702,30312287,PMC6195788,s3://pmc-oa-opendata/PMC6195788.1/PMC6195788.1.xml?md5=7c3626a0705d2496cd4eeea155eeedc7
10.1161/HYPERTENSIONAHA.111.181867,22275536,PMC3288378,s3://pmc-oa-opendata/PMC3288378.1/PMC3288378.1.xml?md5=bc5d4f5516cadba1bf1b7c8bc3c66676
10.2147/DDDT.S235004,31920290,PMC6938197,s3://pmc-oa-opendata/PMC6938197.1/PMC6938197.1.xml?md5=550e04ccea6544e27f001ca3dc902386
10.1016/j.neuropharm.2019.03.005,30851310,PMC6475886,s3://pmc-oa-opendata/PMC6475886.1/PMC6475886.1.xml?md5=6dd50f44248589126bc9256d806c0a32
10.1371/journal.pone.0010085,20396382,PMC2852499,s3://pmc-oa-opendata/PMC2852499.1/PMC2852499.1.xml?md5=43188f959461bd347f70575a6a479b7a
10.2147/IJN.S127417,28243082,PMC5315207,s3://pmc-oa-opendata/PMC5315207.1/PMC5315207.1.xml?md5=8d0640d9fe710a672135e90251cba585
10.1016/j.ymthe.2019.11.016,31839484,PMC7001002,s3://pmc-oa-opendata/PMC7001002.1/PMC7001002.1.xml?md5=368ad50ab9e4b6215277020ee8c9e445
10.2147/IJN.S166200,30013344,PMC6038875,s3://pmc-oa-opendata/PMC6038875.1/PMC6038875.1.xml?md5=3ff4c9742f32c7b23e30a1988084d9f5
10.1038/s41598-018-21331-y,29440698,PMC5811504,s3://pmc-oa-opendata/PMC5811504.1/PMC5811504.1.xml?md5=7eae5ffe6d96316299c7150f8089e57a
10.2147/IJN.S269880,33304101,PMC7723236,s3://pmc-oa-opendata/PMC7723236.1/PMC7723236.1.xml?md5=d16b81d8e1ca4a6c2020086e900ab516
10.1016/j.isci.2019.04.009,31026665,PMC6482333,s3://pmc-oa-opendata/PMC6482333.1/PMC6482333.1.xml?md5=4535f86b037acef2960ffefddaad6b96
10.1038/s41467-021-24795-1,34330897,PMC8324843,s3://pmc-oa-opendata/PMC8324843.1/PMC8324843.1.xml?md5=7be1d1f77565cca41870327290dbe61e
10.1002/hep.28138,26313562,PMC4681612,s3://pmc-oa-opendata/PMC4681612.1/PMC4681612.1.xml?md5=27e1be78d8b26bba6cf2d61e13753e0a
10.3390/ijms20225526,31698701,PMC6888527,s3://pmc-oa-opendata/PMC6888527.1/PMC6888527.1.xml?md5=2c93b9a62da42109726eb40fe0e78396
10.3389/fmicb.2021.658657,33889146,PMC8055832,s3://pmc-oa-opendata/PMC8055832.1/PMC8055832.1.xml?md5=9ddaacda0bf6d690b74df166bf4f09d3
10.2147/IJN.S67113,25767386,PMC4354694,s3://pmc-oa-opendata/PMC4354694.1/PMC4354694.1.xml?md5=94804b7f724463208de8b1cb4a487a01
10.12659/MSM.911697,31654522,PMC6827329,s3://pmc-oa-opendata/PMC6827329.1/PMC6827329.1.xml?md5=f0d6f2236e39b517df7a185526167f8d
10.2147/IJN.S182184,30555232,PMC6278841,s3://pmc-oa-opendata/PMC6278841.1/PMC6278841.1.xml?md5=fe54545bff082ab872359eb0b057f6ab
10.1158/1940-6207.CAPR-12-0201,22787115,PMC3694442,s3://pmc-oa-opendata/PMC3694442.1/PMC3694442.1.xml?md5=5a03da86eb5e4ad7f1ea36bbeb976d34
10.1158/1940-6207.CAPR-14-0411,25623217,PMC4832599,s3://pmc-oa-opendata/PMC4832599.1/PMC4832599.1.xml?md5=3458cee8fece29d6ca2b67868e3144cb
10.1158/1940-6207.CAPR-08-0149,19138996,PMC2680610,s3://pmc-oa-opendata/PMC2680610.1/PMC2680610.1.xml?md5=d5e8ec263a14e66c0746f8fa87fc5c6a
10.1158/1940-6207.CAPR-12-0467,23430756,PMC3618560,s3://pmc-oa-opendata/PMC3618560.1/PMC3618560.1.xml?md5=9f7e247e9c151414e7faf271d315e476
10.1158/1940-6207.CAPR-13-0140,23880231,PMC3767430,s3://pmc-oa-opendata/PMC3767430.1/PMC3767430.1.xml?md5=d58eb51cc2f89b560058b881f995df5e
10.1158/1940-6207.CAPR-12-0002,22374940,PMC3324618,s3://pmc-oa-opendata/PMC3324618.1/PMC3324618.1.xml?md5=1224c7311f1d42bd4711ff72df252908
10.1158/1940-6207.CAPR-14-0051,24736433,PMC4074578,s3://pmc-oa-opendata/PMC4074578.1/PMC4074578.1.xml?md5=c94e6857fe138d21c4d558aefd6bd47e
10.1158/1940-6207.CAPR-10-0381,21372033,PMC3071249,s3://pmc-oa-opendata/PMC3071249.1/PMC3071249.1.xml?md5=3bdb0a1db3d57a3ecd311cfa8afd554b
10.1371/journal.pone.0011305,20585585,PMC2892035,s3://pmc-oa-opendata/PMC2892035.1/PMC2892035.1.xml?md5=43658546800a35169fdf7a8ef90fefa0
10.1016/j.omtn.2020.07.031,33230433,PMC7516191,s3://pmc-oa-opendata/PMC7516191.1/PMC7516191.1.xml?md5=0836571a19bf41e4adff09650a332546
10.1016/j.omtn.2020.10.024,33312752,PMC7701024,s3://pmc-oa-opendata/PMC7701024.1/PMC7701024.1.xml?md5=8c759b661d8238934ce1950e9ef49b5c
10.1016/j.omtn.2020.09.020,33251047,PMC7679245,s3://pmc-oa-opendata/PMC7679245.1/PMC7679245.1.xml?md5=0cad4bfa247895097b48343253a8de87
10.1016/j.omtn.2020.02.007,32179451,PMC7078124,s3://pmc-oa-opendata/PMC7078124.1/PMC7078124.1.xml?md5=5ba62f7c55bf7d185d71c2a8816b9dca
10.1016/j.omtn.2019.09.034,31981860,PMC6976905,s3://pmc-oa-opendata/PMC6976905.1/PMC6976905.1.xml?md5=9f9e076f66bb15d6484d882f9411692c
10.1016/j.omtn.2019.10.020,31982772,PMC6992896,s3://pmc-oa-opendata/PMC6992896.1/PMC6992896.1.xml?md5=3fcf11a06a75ddab21563e96af0c192f
10.1016/j.omtn.2018.07.001,30195796,PMC6078837,s3://pmc-oa-opendata/PMC6078837.1/PMC6078837.1.xml?md5=31c80175e12bd0d267f6268fd3ae7ad6
10.1016/j.omtn.2018.12.017,30743215,PMC6369224,s3://pmc-oa-opendata/PMC6369224.1/PMC6369224.1.xml?md5=1f38dc795634b806df0e7bda80ecaa19
10.1016/j.omtn.2020.01.022,32169806,PMC7068200,s3://pmc-oa-opendata/PMC7068200.1/PMC7068200.1.xml?md5=8e282c0ad2ad61dea1bc7fdf8aeb57be
10.1016/j.omtn.2019.11.015,31902746,PMC6948255,s3://pmc-oa-opendata/PMC6948255.1/PMC6948255.1.xml?md5=92f6bb7118624e22f5414213a07a1b68
10.1016/j.omtn.2018.12.006,30861415,PMC6411630,s3://pmc-oa-opendata/PMC6411630.1/PMC6411630.1.xml?md5=e7e6f9f487d0391f881c11dc1d59a5d3
10.1038/mtna.2016.71,27673564,PMC5056994,s3://pmc-oa-opendata/PMC5056994.1/PMC5056994.1.xml?md5=ca1ef7f48388036dacfa113505e7b3db
10.1016/j.omtn.2019.10.041,31877407,PMC6938856,s3://pmc-oa-opendata/PMC6938856.1/PMC6938856.1.xml?md5=56248175d55fbbb760b1213d65939d33
10.1021/acsomega.8b02090,30555982,PMC6289495,s3://pmc-oa-opendata/PMC6289495.2/PMC6289495.2.xml?md5=97882cccbbb34b47cecd278965eb64f8
10.12659/MSM.910084,29737325,PMC5965018,s3://pmc-oa-opendata/PMC5965018.1/PMC5965018.1.xml?md5=214b38f0f316ef408979ad3ac91c7914
10.1155/2020/8292173,33456372,PMC7787722,s3://pmc-oa-opendata/PMC7787722.1/PMC7787722.1.xml?md5=ece7963afa3af2e43dda95e8c811caba
10.1371/journal.pone.0001643,18286198,PMC2242850,s3://pmc-oa-opendata/PMC2242850.1/PMC2242850.1.xml?md5=dff7061a66397a0598e031e94a63d698
10.1186/s13287-020-01826-0,32698911,PMC7374869,s3://pmc-oa-opendata/PMC7374869.1/PMC7374869.1.xml?md5=59f3085efcd5807679bc240382d1960b
10.1371/journal.pone.0071518,23951180,PMC3738522,s3://pmc-oa-opendata/PMC3738522.1/PMC3738522.1.xml?md5=ca37ab073e486dffe291d3ef1148d4c3
10.1371/journal.pone.0004070,19114998,PMC2603590,s3://pmc-oa-opendata/PMC2603590.1/PMC2603590.1.xml?md5=aad0dee64976be01439ebc3056e9c83a
10.1093/nar/gkp768,19808933,PMC2794162,s3://pmc-oa-opendata/PMC2794162.2/PMC2794162.2.xml?md5=230491a4474f39bbb3e9775f2b207fc2
10.1371/journal.pone.0004282,19172190,PMC2628740,s3://pmc-oa-opendata/PMC2628740.1/PMC2628740.1.xml?md5=44eae0d2a835e5d67cd0c4cfe4311237
10.1186/s12906-016-1341-4,27633248,PMC5024514,s3://pmc-oa-opendata/PMC5024514.1/PMC5024514.1.xml?md5=0ab627f574337b49362ff88990e8b6c7
10.1038/cddis.2013.563,24457968,PMC4040665,s3://pmc-oa-opendata/PMC4040665.1/PMC4040665.1.xml?md5=89c6367e9f2a0397238059ee1b524a71
10.1371/journal.pone.0012636,20844582,PMC2936558,s3://pmc-oa-opendata/PMC2936558.1/PMC2936558.1.xml?md5=95e7efe67aa7aa12fb5b3c201d5f5411
10.1371/journal.pone.0008590,20066037,PMC2797604,s3://pmc-oa-opendata/PMC2797604.1/PMC2797604.1.xml?md5=ca34acaa933007bb357a2e296a386adf
10.1002/cti2.1081,31572609,PMC6763724,s3://pmc-oa-opendata/PMC6763724.1/PMC6763724.1.xml?md5=305c3a82fb1c5dacc4e4f69881d8149a
10.1111/cts.12799,32407604,PMC8504822,s3://pmc-oa-opendata/PMC8504822.1/PMC8504822.1.xml?md5=00a969184a87a9c0b8124aa84e64cc30
10.2147/OTT.S160428,29922070,PMC5995430,s3://pmc-oa-opendata/PMC5995430.1/PMC5995430.1.xml?md5=6d130a5f7c2f303ddf0e89b77b049ca9
10.2147/OTT.S158275,29670371,PMC5896667,s3://pmc-oa-opendata/PMC5896667.1/PMC5896667.1.xml?md5=91bd70487726c02cca25897961c6644a
10.1186/s12935-019-1076-7,31889901,PMC6929366,s3://pmc-oa-opendata/PMC6929366.1/PMC6929366.1.xml?md5=5cf00cced168aa2017dca2252b5b7845
10.1261/rna.078777.121,34187903,PMC8370742,s3://pmc-oa-opendata/PMC8370742.1/PMC8370742.1.xml?md5=cd2950c398f7593c4976a638b1d7794a
10.2147/CMAR.S249066,32801881,PMC7394506,s3://pmc-oa-opendata/PMC7394506.1/PMC7394506.1.xml?md5=87f856166ed75f7e9af7a9878ce48ef8
10.4103/sja.SJA_301_17,29416460,PMC5789510,s3://pmc-oa-opendata/PMC5789510.1/PMC5789510.1.xml?md5=a61f5987232240101c32adcd433c91a9
10.4103/1658-354X.152904,25829928,PMC4374245,s3://pmc-oa-opendata/PMC4374245.1/PMC4374245.1.xml?md5=09e68567c3bd1176d988988bcc52a588
10.4103/1658-354X.140919,25422628,PMC4236957,s3://pmc-oa-opendata/PMC4236957.1/PMC4236957.1.xml?md5=8c390e749ed884f4855f7da60e213a5c
10.2147/IJN.S274987,33116504,PMC7568684,s3://pmc-oa-opendata/PMC7568684.1/PMC7568684.1.xml?md5=6cd16582fbe19675be86e0b9697bd714
10.1111/cns.13432,32602622,PMC7539840,s3://pmc-oa-opendata/PMC7539840.1/PMC7539840.1.xml?md5=04c7daf0d160d5ef0a1ad70950de8490
10.1038/s42003-021-02668-z,34635782,PMC8505486,s3://pmc-oa-opendata/PMC8505486.1/PMC8505486.1.xml?md5=5f504512b158c3f7eaabddff30704373
10.2147/IJN.S323974,34675509,PMC8502541,s3://pmc-oa-opendata/PMC8502541.1/PMC8502541.1.xml?md5=265004c38165efc132dcadbc42d47109
10.1371/journal.pone.0069001,23950881,PMC3737217,s3://pmc-oa-opendata/PMC3737217.1/PMC3737217.1.xml?md5=42b8a4ff38be97d5866d10d714b780fa
10.1186/s13046-018-0857-5,30071868,PMC6090992,s3://pmc-oa-opendata/PMC6090992.1/PMC6090992.1.xml?md5=3a64cc296e250c0bee175bef61a7957f
10.1093/nar/gkq013,20100803,PMC2875004,s3://pmc-oa-opendata/PMC2875004.1/PMC2875004.1.xml?md5=b600e80576a0b37fdb585322f8f65cfa
10.1371/journal.pone.0172420,28212427,PMC5315375,s3://pmc-oa-opendata/PMC5315375.1/PMC5315375.1.xml?md5=d0026696640908c3ecf7318e3278cfb8
10.7554/eLife.59709,32692311,PMC7440917,s3://pmc-oa-opendata/PMC7440917.1/PMC7440917.1.xml?md5=d16c64f814c8ee25a953bbf1d8646aee
10.1042/BSR20180420,30042166,PMC6127675,s3://pmc-oa-opendata/PMC6127675.1/PMC6127675.1.xml?md5=f6bc9d22c504a119591f91d255c8e4ee
10.1042/BSR20170019,28336765,PMC5479020,s3://pmc-oa-opendata/PMC5479020.1/PMC5479020.1.xml?md5=45d9b41d8b0f60ced07305ec70ba8025
10.1042/BSR20170136,28546229,PMC6434084,s3://pmc-oa-opendata/PMC6434084.1/PMC6434084.1.xml?md5=afd030a802ade03747b785481d2e1289
10.1155/2020/9189457,32104199,PMC7035521,s3://pmc-oa-opendata/PMC7035521.1/PMC7035521.1.xml?md5=bab05eab592d1f3c1f279c8b05477ee0
10.1177/2058738418821837,30791744,PMC6328949,s3://pmc-oa-opendata/PMC6328949.1/PMC6328949.1.xml?md5=012297b2754ff1b0d0895b17bf5cc6a5
10.1177/0394632017751547,29363368,PMC5849247,s3://pmc-oa-opendata/PMC5849247.1/PMC5849247.1.xml?md5=b7fe293ca2be9c1a8aa45f1e02f53546
10.1177/2058738419866021,31359794,PMC6668182,s3://pmc-oa-opendata/PMC6668182.1/PMC6668182.1.xml?md5=548608eb6319f27fdb6aa262716b180d
10.1177/2058738419857550,31204533,PMC6580720,s3://pmc-oa-opendata/PMC6580720.1/PMC6580720.1.xml?md5=c906425b5f2894de72d3b15faac1c84b
10.1177/2058738418814341,30477356,PMC6259061,s3://pmc-oa-opendata/PMC6259061.1/PMC6259061.1.xml?md5=3b1defc4e8f275d4a9f625214cebec1b
10.1177/2058738418824521,30791741,PMC6350133,s3://pmc-oa-opendata/PMC6350133.1/PMC6350133.1.xml?md5=19e9bc0000a1ad40526382cfdd686095
10.1177/2058738418812349,30453799,PMC6247479,s3://pmc-oa-opendata/PMC6247479.1/PMC6247479.1.xml?md5=031da68ea7f6c8da509aeea7c3c06f87
10.1177/2058738418759180,29451405,PMC5849246,s3://pmc-oa-opendata/PMC5849246.1/PMC5849246.1.xml?md5=3fb1f32d370dae13124aa09e2cc20b25
10.1177/2058738420910005,32635836,PMC7346697,s3://pmc-oa-opendata/PMC7346697.1/PMC7346697.1.xml?md5=074e6cf56e94ce1a2375813e794aef99
10.1177/2058738419872624,31456460,PMC6713953,s3://pmc-oa-opendata/PMC6713953.1/PMC6713953.1.xml?md5=11fd2825a861fed80bd7a962b0181dae
10.1177/2058738419857537,31220954,PMC6589964,s3://pmc-oa-opendata/PMC6589964.1/PMC6589964.1.xml?md5=ba839fd6bb9e0ae746b63d004fd0a34f
10.1177/0394632017742224,29164980,PMC5806815,s3://pmc-oa-opendata/PMC5806815.1/PMC5806815.1.xml?md5=484d6bc0675f3b23f78c8cabe313563a
10.1177/0394632017703274,28402151,PMC5806795,s3://pmc-oa-opendata/PMC5806795.1/PMC5806795.1.xml?md5=23cd2b7ed1b4dbed316bfaf1e7ac36ae
10.1177/0394632017715837,28627974,PMC5815264,s3://pmc-oa-opendata/PMC5815264.1/PMC5815264.1.xml?md5=43d7048c84022affdeaadf91cbb2152c
10.1177/2058738420954598,33100093,PMC7786410,s3://pmc-oa-opendata/PMC7786410.1/PMC7786410.1.xml?md5=8487827df0c89c8ef8cbc9bebb88fb3c
10.1021/acsomega.0c04799,33644540,PMC7906587,s3://pmc-oa-opendata/PMC7906587.1/PMC7906587.1.xml?md5=256d89144b8a7fb091d8512804cca208
10.1002/mc.21915,22495828,PMC3525767,s3://pmc-oa-opendata/PMC3525767.1/PMC3525767.1.xml?md5=c4f12a263ad55d5609f8ce0cf24b692e
10.1177/1758835919878347,31662796,PMC6792276,s3://pmc-oa-opendata/PMC6792276.1/PMC6792276.1.xml?md5=877abf1375c6afa7387b922d832637d0
10.1038/s41419-019-1610-5,31097687,PMC6522534,s3://pmc-oa-opendata/PMC6522534.1/PMC6522534.1.xml?md5=1a05fe5eb7d7625ddd1ec0fe1bf19a88
10.1515/med-2019-0083,31572805,PMC6749725,s3://pmc-oa-opendata/PMC6749725.1/PMC6749725.1.xml?md5=0278f7c9503d4d33b2d6fbdfb301512a
10.3969/j.issn.1673-5374.2013.30.006,25206605,PMC4146011,s3://pmc-oa-opendata/PMC4146011.1/PMC4146011.1.xml?md5=b32b931b49c98b90f930f3f878396838
10.1098/rsob.150159,27248656,PMC4852449,s3://pmc-oa-opendata/PMC4852449.1/PMC4852449.1.xml?md5=d642d23b270d3a2932e340ec3f3ef5a1
10.3831/KPI.2018.21.006,30151304,PMC6054090,s3://pmc-oa-opendata/PMC6054090.1/PMC6054090.1.xml?md5=4995ec98fadf5b27f3d9886d12c305ed
10.1371/journal.pbio.1002336,26741884,PMC4704783,s3://pmc-oa-opendata/PMC4704783.1/PMC4704783.1.xml?md5=96eacdc9f92c32246a3d5a00fc1fac7f
10.2337/db14-0026,25024373,PMC4238009,s3://pmc-oa-opendata/PMC4238009.1/PMC4238009.1.xml?md5=ba817e4109122823f7151b39eabee3f9
10.1158/1541-7786.MCR-10-0399,21148633,PMC3022965,s3://pmc-oa-opendata/PMC3022965.1/PMC3022965.1.xml?md5=dda794a8031694a4f14baca85076afcb
10.1016/j.neurobiolaging.2018.03.032,29729422,PMC6777740,s3://pmc-oa-opendata/PMC6777740.1/PMC6777740.1.xml?md5=e9e7c0bdf81b6279cb990fdb151cbce2
10.2147/OTT.S156810,29593418,PMC5865575,s3://pmc-oa-opendata/PMC5865575.1/PMC5865575.1.xml?md5=a260e241210b6e97749dddf76ffde4f1
10.2147/DDDT.S249557,32606605,PMC7306576,s3://pmc-oa-opendata/PMC7306576.1/PMC7306576.1.xml?md5=e4e4d98977b16d96dc1a6227fa3ccc29
10.3389/fonc.2020.577280,33014883,PMC7509149,s3://pmc-oa-opendata/PMC7509149.1/PMC7509149.1.xml?md5=e9666f7e044d84741145bca4c1500531
10.3389/fonc.2020.00075,32158687,PMC7051985,s3://pmc-oa-opendata/PMC7051985.1/PMC7051985.1.xml?md5=e35e471489399ab9fbc74511900c69f4
10.1186/1476-4598-10-115,21929745,PMC3189171,s3://pmc-oa-opendata/PMC3189171.1/PMC3189171.1.xml?md5=31d644cdf0929cb0b3f7cb39346c454b
10.1590/1414-431x20187046,29791590,PMC6002139,s3://pmc-oa-opendata/PMC6002139.1/PMC6002139.1.xml?md5=a158166870db143a9aa0ae53f383f686
10.1590/1414-431X20186555,29694511,PMC5937723,s3://pmc-oa-opendata/PMC5937723.1/PMC5937723.1.xml?md5=56576b66209d03e22501e442fad55d29
10.1042/BSR20170803,28963374,PMC5686393,s3://pmc-oa-opendata/PMC5686393.1/PMC5686393.1.xml?md5=0dc6f8f15094faf14eacdb05d631581c
10.1186/1476-4598-12-17,23497256,PMC3637597,s3://pmc-oa-opendata/PMC3637597.1/PMC3637597.1.xml?md5=7dc9d4a8bd4df0fed96b25419d92dc3d
10.1371/journal.pone.0092478,24658061,PMC3962420,s3://pmc-oa-opendata/PMC3962420.1/PMC3962420.1.xml?md5=ad2a28c41aa43bcc545af7209bf8c149
10.1042/BSR20170711,28821565,PMC5603754,s3://pmc-oa-opendata/PMC5603754.1/PMC5603754.1.xml?md5=bece265d3ceb5619b27cfb672d9e89bc
10.1371/journal.pone.0061363,23593473,PMC3623910,s3://pmc-oa-opendata/PMC3623910.1/PMC3623910.1.xml?md5=c5b420d55e9e05da45432e6efa91df3b
10.1371/journal.pone.0065556,23762395,PMC3676316,s3://pmc-oa-opendata/PMC3676316.1/PMC3676316.1.xml?md5=2d9773c2ff3bca90b3df02f63372baa8
10.4049/jimmunol.0903188,20335527,PMC3836507,s3://pmc-oa-opendata/PMC3836507.1/PMC3836507.1.xml?md5=f4589bc70a537493fa0df5aa064164bc
10.3389/fonc.2020.01529,32984003,PMC7492522,s3://pmc-oa-opendata/PMC7492522.1/PMC7492522.1.xml?md5=44e5daa8e90d43ba2f79a0d716e49922
10.1186/s12885-018-5199-3,30577849,PMC6303919,s3://pmc-oa-opendata/PMC6303919.1/PMC6303919.1.xml?md5=7abebad6f575996e12a43f6430bb054c
10.1038/s41419-018-1235-0,30538221,PMC6290025,s3://pmc-oa-opendata/PMC6290025.1/PMC6290025.1.xml?md5=5f91768bc33c544c48be35845fc34e5e
10.3389/fcell.2020.610097,33614623,PMC7892899,s3://pmc-oa-opendata/PMC7892899.1/PMC7892899.1.xml?md5=f262cfbc3e8cf4d19ed39452b62efa00
10.1038/s41419-018-1139-z,30368518,PMC6204138,s3://pmc-oa-opendata/PMC6204138.1/PMC6204138.1.xml?md5=0e52194e0e004b65db021bee44eb46ca
10.2147/IJWH.S279698,33442301,PMC7797326,s3://pmc-oa-opendata/PMC7797326.1/PMC7797326.1.xml?md5=7fefb6d722f840c6efa91289c87db517
10.1158/2159-8290.CD-11-0241,22576212,PMC3398487,s3://pmc-oa-opendata/PMC3398487.1/PMC3398487.1.xml?md5=423e957d5e1f1dc475aa9d01843c3c95
10.1371/journal.ppat.1002418,22174681,PMC3234233,s3://pmc-oa-opendata/PMC3234233.1/PMC3234233.1.xml?md5=2f07270563ff21728d4f9d6af57c20a2
10.1042/BSR20180067,29773679,PMC6066658,s3://pmc-oa-opendata/PMC6066658.1/PMC6066658.1.xml?md5=561d37d2413062febaa6b14cd7ceef5a
10.1016/j.heliyon.2021.e06219,33644478,PMC7895721,s3://pmc-oa-opendata/PMC7895721.1/PMC7895721.1.xml?md5=66b904ecc3173b7d22b40b9c996e6122
10.1016/j.cellsig.2011.10.008,22024282,PMC3481542,s3://pmc-oa-opendata/PMC3481542.1/PMC3481542.1.xml?md5=fe6bed32e8e37ce0c866f0a8d173001a
10.1042/BSR20191221,31266812,PMC6658724,s3://pmc-oa-opendata/PMC6658724.1/PMC6658724.1.xml?md5=1c0d4259551cc0023ae58a458d115643
10.2147/OTT.S203479,31308691,PMC6616302,s3://pmc-oa-opendata/PMC6616302.1/PMC6616302.1.xml?md5=34fcd54f9b6005ede65d3f6383c927f0
10.1371/journal.pone.0063680,23696846,PMC3656040,s3://pmc-oa-opendata/PMC3656040.1/PMC3656040.1.xml?md5=8413992df6a8626440e34fdebf471073
10.1007/s11060-011-0727-x,21964739,PMC3286222,s3://pmc-oa-opendata/PMC3286222.1/PMC3286222.1.xml?md5=eb9c3b85abbd94cd2f5e20dc55dbb411
10.1016/j.virol.2015.06.003,26099695,PMC4567445,s3://pmc-oa-opendata/PMC4567445.1/PMC4567445.1.xml?md5=81dab42b12c9fb99fbd9087b3adc5460
10.3892/ijo.2011.1255,22076676,PMC3232313,s3://pmc-oa-opendata/PMC3232313.1/PMC3232313.1.xml?md5=570349c12dd36048c5c753219faa577a
10.3892/ijo.2011.987,21455571,PMC3085848,s3://pmc-oa-opendata/PMC3085848.1/PMC3085848.1.xml?md5=5a262a1a49fdff2e38596f27fd5d6600
10.3892/ijo.2011.934,21290090,PMC3075802,s3://pmc-oa-opendata/PMC3075802.1/PMC3075802.1.xml?md5=c011602c0e2213c86af91c310b2f767a
10.1111/jcmm.13760,30024092,PMC6156288,s3://pmc-oa-opendata/PMC6156288.1/PMC6156288.1.xml?md5=5946a246a3ae6da04122680dc6855ea2
10.1155/2014/526391,25057492,PMC4098891,s3://pmc-oa-opendata/PMC4098891.1/PMC4098891.1.xml?md5=7fc92114beabc2e3bafe91358ed12db1
10.2147/OTT.S198750,31456644,PMC6620705,s3://pmc-oa-opendata/PMC6620705.1/PMC6620705.1.xml?md5=da224ec46ae46e43192b6ad02aa8c8ec
10.1038/sj.bjc.6602595,15870708,PMC2361761,s3://pmc-oa-opendata/PMC2361761.1/PMC2361761.1.xml?md5=e10778b95ce78c09a2e1b4e66d8411fe
10.1186/s12935-020-01411-8,32694943,PMC7367385,s3://pmc-oa-opendata/PMC7367385.1/PMC7367385.1.xml?md5=b5c30d44e574489ad5cddc8cfc7329c3
10.1038/s41598-018-22098-y,29491403,PMC5830879,s3://pmc-oa-opendata/PMC5830879.1/PMC5830879.1.xml?md5=2c573e689f741e0428d920b832a82aa5
10.1084/jem.20031467,15067035,PMC2211879,s3://pmc-oa-opendata/PMC2211879.1/PMC2211879.1.xml?md5=4f3ab63512161073b87a004e87b2deae
10.1371/journal.pone.0101461,24987850,PMC4079503,s3://pmc-oa-opendata/PMC4079503.1/PMC4079503.1.xml?md5=2113d049982ca17787221dab33d12bd6
10.1371/journal.pone.0036941,22649503,PMC3359321,s3://pmc-oa-opendata/PMC3359321.1/PMC3359321.1.xml?md5=58911a43167eeb618f37df01b37783b9
10.1093/nar/gkw871,27683220,PMC5159552,s3://pmc-oa-opendata/PMC5159552.1/PMC5159552.1.xml?md5=d2cc2e994f4304ea1c8c711052f9756f
10.1111/jcmm.14826,31769187,PMC6991667,s3://pmc-oa-opendata/PMC6991667.1/PMC6991667.1.xml?md5=2e1dcc928a3a758ba585466a32c56512
10.1371/journal.pone.0064171,23696868,PMC3655933,s3://pmc-oa-opendata/PMC3655933.1/PMC3655933.1.xml?md5=731110d853ec2814e9b8792ec199ac67
10.1371/journal.pone.0065456,23734258,PMC3667124,s3://pmc-oa-opendata/PMC3667124.1/PMC3667124.1.xml?md5=022eb54aafa85bfd88e3d2156b32add5
10.1530/JME-14-0213,25381390,PMC4261204,s3://pmc-oa-opendata/PMC4261204.2/PMC4261204.2.xml?md5=9dd6a06a45fd0c82e36c0f277a52fc65
10.1016/j.vaccine.2014.06.061,24968158,PMC4794254,s3://pmc-oa-opendata/PMC4794254.2/PMC4794254.2.xml?md5=5019f72c9d9edbb59af29516d9bf1f69
10.1111/jcmm.13532,29441717,PMC5867138,s3://pmc-oa-opendata/PMC5867138.1/PMC5867138.1.xml?md5=7de2dfced6b72b1a1b86be65068238ff
10.1093/jxb/err271,21976771,PMC3245465,s3://pmc-oa-opendata/PMC3245465.1/PMC3245465.1.xml?md5=a4ab91d42fd17d2ac22461e935420755
10.1155/2015/687938,26681941,PMC4668323,s3://pmc-oa-opendata/PMC4668323.1/PMC4668323.1.xml?md5=dbc02d2eeef61e7e86b55e9a5c51ea67
10.1038/s41598-017-12056-5,28916831,PMC5601928,s3://pmc-oa-opendata/PMC5601928.1/PMC5601928.1.xml?md5=3e0e742c91c58676a851a35b7c07952a
10.1371/journal.pone.0090660,24587407,PMC3938808,s3://pmc-oa-opendata/PMC3938808.1/PMC3938808.1.xml?md5=b73bbb876336d6fda72f188ee8f38e28
10.1172/jci.insight.125172,30835717,PMC6538384,s3://pmc-oa-opendata/PMC6538384.1/PMC6538384.1.xml?md5=5ab7adf47c1e5ae06441cf54dc397c64
10.1371/journal.pone.0075456,24130713,PMC3794941,s3://pmc-oa-opendata/PMC3794941.1/PMC3794941.1.xml?md5=b708f2c4674157cd56ac53483bb5fa12
10.1371/journal.pone.0078521,24098600,PMC3788131,s3://pmc-oa-opendata/PMC3788131.1/PMC3788131.1.xml?md5=1af726b8ec460892d8eb82ccb1059b62
10.1371/journal.pone.0103951,25093330,PMC4122465,s3://pmc-oa-opendata/PMC4122465.1/PMC4122465.1.xml?md5=afea69dc610c48855ac4f8617d251763
10.1371/journal.pone.0074022,24015313,PMC3755997,s3://pmc-oa-opendata/PMC3755997.1/PMC3755997.1.xml?md5=f041546a713657dff476a0068aea735e
10.1371/journal.pone.0050598,23341874,PMC3544850,s3://pmc-oa-opendata/PMC3544850.1/PMC3544850.1.xml?md5=9c9ca6d6e743830b798796a541c2560d
10.1371/journal.pone.0060975,23593363,PMC3625183,s3://pmc-oa-opendata/PMC3625183.1/PMC3625183.1.xml?md5=f4c5467f1791113653339fe350cca6b4
10.3389/fnut.2017.00051,29164126,PMC5671535,s3://pmc-oa-opendata/PMC5671535.1/PMC5671535.1.xml?md5=c9c61126db10e092098edfe43bbec9a3
10.2147/OTT.S251843,32884299,PMC7443453,s3://pmc-oa-opendata/PMC7443453.1/PMC7443453.1.xml?md5=761ff26595ac21d4d067e487cdba16fc
10.2147/OTT.S240965,32256081,PMC7092690,s3://pmc-oa-opendata/PMC7092690.1/PMC7092690.1.xml?md5=d4e89c8cdb74bdefadf380d715e7b71c
10.1371/journal.pone.0205518,30372446,PMC6205583,s3://pmc-oa-opendata/PMC6205583.1/PMC6205583.1.xml?md5=0dadf66ff3a68e4ba09af607958763eb
10.1155/2014/790902,25610879,PMC4293793,s3://pmc-oa-opendata/PMC4293793.1/PMC4293793.1.xml?md5=994b8d92d8f995f241daa38fabd3fb9a
10.1155/2015/825805,25688279,PMC4320897,s3://pmc-oa-opendata/PMC4320897.1/PMC4320897.1.xml?md5=013306b4b4272ed7255120760b0e77b3
10.1371/journal.pone.0055482,23393583,PMC3564755,s3://pmc-oa-opendata/PMC3564755.1/PMC3564755.1.xml?md5=81fbdb7a3818f633962298aa85800d2e
10.1371/journal.pone.0064000,23724014,PMC3665802,s3://pmc-oa-opendata/PMC3665802.1/PMC3665802.1.xml?md5=47547a21b2a853165bba4019050dc9c6
10.1021/acsomega.8b03473,31459841,PMC6648140,s3://pmc-oa-opendata/PMC6648140.1/PMC6648140.1.xml?md5=85def5b926841d6c9961a5f105384ee0
10.1371/journal.pone.0180514,28692662,PMC5503272,s3://pmc-oa-opendata/PMC5503272.1/PMC5503272.1.xml?md5=acbd1fe85027e19487ae7768fa225968
10.1371/journal.pone.0056123,23441162,PMC3575387,s3://pmc-oa-opendata/PMC3575387.1/PMC3575387.1.xml?md5=840c014972449cd6a8f756966dd80999
10.1371/journal.ppat.1003827,24385907,PMC3868539,s3://pmc-oa-opendata/PMC3868539.1/PMC3868539.1.xml?md5=cb38f64deabdc62091dc43984d0e2e66
10.1155/2015/532984,26064984,PMC4439495,s3://pmc-oa-opendata/PMC4439495.1/PMC4439495.1.xml?md5=7faffeceb541c559fe2d40080df30757
10.1016/j.cmet.2013.05.002,23747250,PMC4005358,s3://pmc-oa-opendata/PMC4005358.1/PMC4005358.1.xml?md5=8bbc02aefe716b92ba300f346aef4727
10.1155/2016/7132158,27239104,PMC4863118,s3://pmc-oa-opendata/PMC4863118.1/PMC4863118.1.xml?md5=87db764043f04995dbbd4aaf4cbc5d71
10.3892/etm.2012.868,23408796,PMC3570219,s3://pmc-oa-opendata/PMC3570219.1/PMC3570219.1.xml?md5=4a1f461ac98856146df30d0510565b45
10.2337/db10-0771,20627936,PMC3279564,s3://pmc-oa-opendata/PMC3279564.1/PMC3279564.1.xml?md5=48b41a7d5e0c6371a1a5a941ea4ced0b
10.2147/CMAR.S249491,32606953,PMC7305831,s3://pmc-oa-opendata/PMC7305831.1/PMC7305831.1.xml?md5=81325e4b0845c821cfac399ab979059d
10.1042/BSR20190700,31239367,PMC6614573,s3://pmc-oa-opendata/PMC6614573.1/PMC6614573.1.xml?md5=2c1ddf6fc64d60d31932cf8a0057d214
10.3389/fimmu.2019.02862,31921131,PMC6917643,s3://pmc-oa-opendata/PMC6917643.1/PMC6917643.1.xml?md5=0d19fe721a77881f7d436a877a2e9dc0
10.1186/s12943-015-0389-y,26041563,PMC4453100,s3://pmc-oa-opendata/PMC4453100.1/PMC4453100.1.xml?md5=674b2910ac8614b61ae8995c04fa4f4b
10.1038/mp.2016.139,27573878,PMC5479312,s3://pmc-oa-opendata/PMC5479312.1/PMC5479312.1.xml?md5=391c130a8dc9c1b7851fa092f41bb20e
10.1371/journal.pone.0097242,24820971,PMC4018274,s3://pmc-oa-opendata/PMC4018274.1/PMC4018274.1.xml?md5=f941e4dc939087d2d9cc4c7801fd7d57
10.1042/BSR20182193,31439759,PMC6747000,s3://pmc-oa-opendata/PMC6747000.1/PMC6747000.1.xml?md5=bb0e6d8b19d7e38679305752541ebc80
10.1042/BSR20191123,31350343,PMC6692564,s3://pmc-oa-opendata/PMC6692564.1/PMC6692564.1.xml?md5=0c93519aae27de9026f3c7218ea24fe1
10.1042/BSR20191136,31894846,PMC6960065,s3://pmc-oa-opendata/PMC6960065.1/PMC6960065.1.xml?md5=067998f10a414ecd3f21173c42d7da0f
10.1371/journal.pone.0059580,23555716,PMC3605338,s3://pmc-oa-opendata/PMC3605338.1/PMC3605338.1.xml?md5=f77e6faf553117d1d5d3d8867c69170f
10.1016/j.ebiom.2018.08.006,30104181,PMC6154870,s3://pmc-oa-opendata/PMC6154870.1/PMC6154870.1.xml?md5=2a4791c6fb8b4ab12e2d92f34c312b32
10.1042/BSR20181815,30910849,PMC6505193,s3://pmc-oa-opendata/PMC6505193.1/PMC6505193.1.xml?md5=b6fbe7bba22b61057b62c912318c1ca6
10.1126/sciadv.aba0145,32270048,PMC7112756,s3://pmc-oa-opendata/PMC7112756.1/PMC7112756.1.xml?md5=4e893bea1acbe83617e9543caaac52e3
10.1042/BSR20194427,32329508,PMC7199453,s3://pmc-oa-opendata/PMC7199453.1/PMC7199453.1.xml?md5=6b2cf32f3b5153ae78ee2d9888397c62
10.1016/j.cell.2014.03.064,24856969,PMC4098795,s3://pmc-oa-opendata/PMC4098795.1/PMC4098795.1.xml?md5=dd3b983660aa2b0b98e502d86452a36c
10.1038/s41586-019-1511-x,31462771,PMC6728214,s3://pmc-oa-opendata/PMC6728214.1/PMC6728214.1.xml?md5=d4244e284899e379cdd09a3031657308
10.1371/journal.pone.0098623,24892425,PMC4043882,s3://pmc-oa-opendata/PMC4043882.1/PMC4043882.1.xml?md5=047bf2c07275cc65a238b3d02bef091b
10.1001/jamapsychiatry.2013.399,24048210,PMC4026855,s3://pmc-oa-opendata/PMC4026855.1/PMC4026855.1.xml?md5=6d60c7230de1a763baa64f5f83b2503a
10.1371/journal.pone.0064707,23785404,PMC3677940,s3://pmc-oa-opendata/PMC3677940.1/PMC3677940.1.xml?md5=c42d337855e70c6a5d86f68c292660a1
10.1371/journal.pone.0031056,22363546,PMC3281919,s3://pmc-oa-opendata/PMC3281919.1/PMC3281919.1.xml?md5=61b5eecb9fbdaa7a5ff156a7da550ec5
10.1371/journal.pone.0029170,22216200,PMC3247249,s3://pmc-oa-opendata/PMC3247249.1/PMC3247249.1.xml?md5=eed87fc4249cda79066187a2bb358de2
10.1371/journal.pone.0057020,23469181,PMC3587631,s3://pmc-oa-opendata/PMC3587631.1/PMC3587631.1.xml?md5=16ad1f28ca543c002a333f449949d11e
10.2147/CMAR.S238373,32158261,PMC6986931,s3://pmc-oa-opendata/PMC6986931.1/PMC6986931.1.xml?md5=eda84957bf19611a9b0904a495734dcc
10.2147/BTT.S134920,28684898,PMC5484512,s3://pmc-oa-opendata/PMC5484512.1/PMC5484512.1.xml?md5=073b3e667b5fbe006a5d2069c3b46f0b
10.18632/oncotarget.6427,26625202,PMC4811498,s3://pmc-oa-opendata/PMC4811498.1/PMC4811498.1.xml?md5=a43e16a573238beff591af8e6f026183
10.2147/OTT.S205853,31410029,PMC6650622,s3://pmc-oa-opendata/PMC6650622.1/PMC6650622.1.xml?md5=dbd666c8829a6f14b6b1f0da4d9819b2
10.3109/02713680903374208,20021254,PMC2827929,s3://pmc-oa-opendata/PMC2827929.1/PMC2827929.1.xml?md5=f63d587aefe376e58bb7194e38cc5030
10.1371/journal.pone.0063966,23696862,PMC3655947,s3://pmc-oa-opendata/PMC3655947.1/PMC3655947.1.xml?md5=b93397ab16dff29a98be0fbcb08b1d15
10.2147/OTT.S149632,29200874,PMC5703150,s3://pmc-oa-opendata/PMC5703150.1/PMC5703150.1.xml?md5=f3feca765551a9f0fcd994b76fcc37e5
10.1186/1471-2407-13-182,23565736,PMC3635997,s3://pmc-oa-opendata/PMC3635997.1/PMC3635997.1.xml?md5=c472161f5c613fd95111e67c509aa772
10.1371/journal.pone.0006049,19557177,PMC2698216,s3://pmc-oa-opendata/PMC2698216.1/PMC2698216.1.xml?md5=696f6bdf7725b7d040b6765b958d2da8
10.1371/journal.pone.0069102,23894414,PMC3720908,s3://pmc-oa-opendata/PMC3720908.1/PMC3720908.1.xml?md5=4da21e37a33728126acb567b1651ea26
10.1371/journal.pone.0104546,25118895,PMC4131889,s3://pmc-oa-opendata/PMC4131889.1/PMC4131889.1.xml?md5=3c4a2f5fd0a3cac017b40b47f7acfb62
10.1371/journal.pone.0012015,20700488,PMC2916842,s3://pmc-oa-opendata/PMC2916842.1/PMC2916842.1.xml?md5=6461801af465168762be3b400ba6bd61
10.1100/2012/897867,22629221,PMC3353709,s3://pmc-oa-opendata/PMC3353709.1/PMC3353709.1.xml?md5=b757c839ffb9ca81a5e90f533d0c8df1
10.1186/s13046-019-1324-7,31462260,PMC6714448,s3://pmc-oa-opendata/PMC6714448.1/PMC6714448.1.xml?md5=a263e8be6ff96b8f00150410ef58cd34
10.1371/journal.pone.0102706,25032991,PMC4102552,s3://pmc-oa-opendata/PMC4102552.1/PMC4102552.1.xml?md5=9f9e3e36e222abf60068c7e193353024
10.1371/journal.pone.0007971,19956692,PMC2776989,s3://pmc-oa-opendata/PMC2776989.1/PMC2776989.1.xml?md5=5ee985af7a1f440d1f1b024bebedcbbe
10.3389/fimmu.2018.03102,30671063,PMC6333053,s3://pmc-oa-opendata/PMC6333053.1/PMC6333053.1.xml?md5=f21ec3f592b7cf02fe92c2944e92cfd7
10.1371/journal.pone.0036093,22567126,PMC3342296,s3://pmc-oa-opendata/PMC3342296.1/PMC3342296.1.xml?md5=31ec805ffbba211978f0a15369dde2f8
10.1371/journal.pone.0013731,21060833,PMC2966405,s3://pmc-oa-opendata/PMC2966405.1/PMC2966405.1.xml?md5=05bdf5ef190463ccee93c6ecab74a21a
10.1371/journal.pone.0011668,20661471,PMC2908539,s3://pmc-oa-opendata/PMC2908539.1/PMC2908539.1.xml?md5=542109236ffbd8f65e688b19e2fbd831
10.1093/jxb/ery342,30304441,PMC6305187,s3://pmc-oa-opendata/PMC6305187.1/PMC6305187.1.xml?md5=278578e6b2ec0c33fa7c67073ff5c7a5
10.1371/journal.pone.0055008,23383034,PMC3557229,s3://pmc-oa-opendata/PMC3557229.1/PMC3557229.1.xml?md5=b756f1bb49866556a71466c418c92d1f
10.1371/journal.pone.0084218,24386352,PMC3874010,s3://pmc-oa-opendata/PMC3874010.1/PMC3874010.1.xml?md5=ed7f34198bd17cf2ca27f8d0da827bfe
10.1371/journal.pone.0102602,25105419,PMC4126682,s3://pmc-oa-opendata/PMC4126682.1/PMC4126682.1.xml?md5=52b2bb18efbe4463006d1d486675ebd4
10.3390/ijms19010258,29337876,PMC5796204,s3://pmc-oa-opendata/PMC5796204.1/PMC5796204.1.xml?md5=1e48235674ceef0159becea8b7a9fe3b
10.1038/srep37227,27876813,PMC5120334,s3://pmc-oa-opendata/PMC5120334.1/PMC5120334.1.xml?md5=e0e84415a84a7e8434b3d87f7cd18b84
10.1371/journal.pone.0102522,25115855,PMC4130469,s3://pmc-oa-opendata/PMC4130469.1/PMC4130469.1.xml?md5=579f1cb23577832fe1a105cdbcafb654
10.1371/journal.pone.0032841,22412931,PMC3295784,s3://pmc-oa-opendata/PMC3295784.1/PMC3295784.1.xml?md5=e4e45410c3c06927cac3abad0fc75898
10.1371/journal.pone.0109671,25350132,PMC4211669,s3://pmc-oa-opendata/PMC4211669.1/PMC4211669.1.xml?md5=333653aeef5d1d22ca54b52d570aeae6
10.1155/2015/978654,26583065,PMC4637103,s3://pmc-oa-opendata/PMC4637103.1/PMC4637103.1.xml?md5=d1258a163864bc6db97b15225122dc7f
10.18632/oncotarget.2804,25575814,PMC4381602,s3://pmc-oa-opendata/PMC4381602.1/PMC4381602.1.xml?md5=4931433d0bbc2f091ef4452bce562036
10.18632/oncotarget.10427,27391343,PMC5239549,s3://pmc-oa-opendata/PMC5239549.1/PMC5239549.1.xml?md5=ea810b761321a0cc120e171b5cc7d375
10.1186/1471-2180-6-26,16524480,PMC1431544,s3://pmc-oa-opendata/PMC1431544.1/PMC1431544.1.xml?md5=6ea430a4ce014bcc4a0b011171619709
10.1371/journal.pone.0085113,24454800,PMC3894187,s3://pmc-oa-opendata/PMC3894187.1/PMC3894187.1.xml?md5=8e6e727805880da738fa676ee4a6c225
10.2147/IJN.S79489,26586942,PMC4636172,s3://pmc-oa-opendata/PMC4636172.1/PMC4636172.1.xml?md5=fc1d24f8405e0e5ca2deb1e478598a15
10.18632/oncotarget.378,22190353,PMC3282069,s3://pmc-oa-opendata/PMC3282069.1/PMC3282069.1.xml?md5=86f7b06f8fa1ba8800d0fbddb7068955
10.1371/journal.pone.0041940,22848667,PMC3405033,s3://pmc-oa-opendata/PMC3405033.1/PMC3405033.1.xml?md5=ec663ac93135365d0c3f22b5dd543090
10.1002/hep.28893,27774630,PMC5191963,s3://pmc-oa-opendata/PMC5191963.1/PMC5191963.1.xml?md5=436661a984ef1267cb2b85abe5538d3c
10.4103/sja.SJA_415_18,30692889,PMC6329241,s3://pmc-oa-opendata/PMC6329241.1/PMC6329241.1.xml?md5=19a7b4b5efc82c7930e078c55bb926fe
10.1371/journal.pone.0022800,21991300,PMC3186787,s3://pmc-oa-opendata/PMC3186787.1/PMC3186787.1.xml?md5=66b3019a18011b2309a389b18fa98717
10.1371/journal.pone.0057801,23554869,PMC3595234,s3://pmc-oa-opendata/PMC3595234.1/PMC3595234.1.xml?md5=3f7161f2633ff6e61c9429660eb14646
10.1371/journal.pone.0051309,23408929,PMC3567084,s3://pmc-oa-opendata/PMC3567084.1/PMC3567084.1.xml?md5=a0ceead4c3cf25f24c23d6fb6422762a
10.1155/2015/105695,25802833,PMC4352753,s3://pmc-oa-opendata/PMC4352753.1/PMC4352753.1.xml?md5=01153f3d87ca65babad56c6c708a22a7
10.3390/cells7110197,30400272,PMC6262559,s3://pmc-oa-opendata/PMC6262559.1/PMC6262559.1.xml?md5=34e3ef703247a50af2bff7f581763965
10.1155/2007/48242,17710110,PMC1939922,s3://pmc-oa-opendata/PMC1939922.1/PMC1939922.1.xml?md5=2055b157d2524e0efd4105942e9f11f5
10.2147/OTT.S180785,30532558,PMC6247951,s3://pmc-oa-opendata/PMC6247951.1/PMC6247951.1.xml?md5=12d121449ae5c9c8fe0d206ff4635cfd
10.1158/1535-7163.MCT-14-0220,25239935,PMC4304772,s3://pmc-oa-opendata/PMC4304772.1/PMC4304772.1.xml?md5=1e6579d2d43df9027a88c1cf674ac86b
10.1158/1535-7163.MCT-12-0021,22411899,PMC3601737,s3://pmc-oa-opendata/PMC3601737.1/PMC3601737.1.xml?md5=98077855e62024c0e3f9be41b10ab76b
10.1158/1535-7163.MCT-10-1108,21750224,PMC3170445,s3://pmc-oa-opendata/PMC3170445.1/PMC3170445.1.xml?md5=21254758a20851c883084bb72e762acb
10.1186/s13046-017-0569-2,28716136,PMC5514535,s3://pmc-oa-opendata/PMC5514535.1/PMC5514535.1.xml?md5=32e85410c063331a58ef379128c0f26e
10.1371/journal.pone.0054303,23349848,PMC3548813,s3://pmc-oa-opendata/PMC3548813.1/PMC3548813.1.xml?md5=00bf240d0de6533d4589955dd2c1d596
10.14348/molcells.2016.0243,28008161,PMC5223108,s3://pmc-oa-opendata/PMC5223108.1/PMC5223108.1.xml?md5=df49753dd80c85c5a51067cf5e46b1db
10.1371/journal.pone.0023395,21887248,PMC3162572,s3://pmc-oa-opendata/PMC3162572.1/PMC3162572.1.xml?md5=6c3b7460d7b92d45a83f7a8a6c9f00e6
10.1371/journal.pone.0099254,24918753,PMC4053402,s3://pmc-oa-opendata/PMC4053402.1/PMC4053402.1.xml?md5=d53d79f7cf3ff89e29f20667395ab921
10.1039/C8RA05655B,35546844,PMC9085381,s3://pmc-oa-opendata/PMC9085381.1/PMC9085381.1.xml?md5=54755e3b85773a4a29b3fcaf6a002672
10.1126/science.1192049,20829486,PMC3276839,s3://pmc-oa-opendata/PMC3276839.1/PMC3276839.1.xml?md5=ebea614fd379eef32ffe55c6e8893737
10.1172/JCI92001,28504645,PMC5451237,s3://pmc-oa-opendata/PMC5451237.1/PMC5451237.1.xml?md5=adf8eae58fa2a69889719662dd441297
10.1155/2015/857202,26509167,PMC4609807,s3://pmc-oa-opendata/PMC4609807.1/PMC4609807.1.xml?md5=4a0630761f52322d4d83d631c555f4c6
10.7554/eLife.44213,30785397,PMC6382351,s3://pmc-oa-opendata/PMC6382351.1/PMC6382351.1.xml?md5=54d2abf52486b7d8fee0e306ca688431
10.1371/journal.pone.0010105,20419128,PMC2855704,s3://pmc-oa-opendata/PMC2855704.1/PMC2855704.1.xml?md5=50a4130d74d18a5ce0b78a063608a2ac
10.1371/journal.pone.0036909,22615843,PMC3353995,s3://pmc-oa-opendata/PMC3353995.1/PMC3353995.1.xml?md5=2e8ff77a1aa14de3b1b8003c2baa3165
10.1038/s41467-018-06201-5,30254227,PMC6156420,s3://pmc-oa-opendata/PMC6156420.1/PMC6156420.1.xml?md5=e54d1b7875ba7eeabfbc9e5fb6aa820c
10.1155/2015/365068,25699276,PMC4324820,s3://pmc-oa-opendata/PMC4324820.1/PMC4324820.1.xml?md5=d8079783ef7c58a66f26c3300b4719e7
10.3389/fphar.2018.00987,30245628,PMC6137241,s3://pmc-oa-opendata/PMC6137241.1/PMC6137241.1.xml?md5=1addfdcd8b50fd08be7e73281f5f83ed
10.1038/s41467-017-00254-8,28794470,PMC5550485,s3://pmc-oa-opendata/PMC5550485.1/PMC5550485.1.xml?md5=11fa6379050dc1fd6f414c5917fc6504
10.1371/journal.pone.0004730,19270731,PMC2648896,s3://pmc-oa-opendata/PMC2648896.1/PMC2648896.1.xml?md5=415d0900dfcdbef0227495c2e52c6ecd
10.1155/2013/467245,23762139,PMC3665219,s3://pmc-oa-opendata/PMC3665219.1/PMC3665219.1.xml?md5=39dbd88e7b0437bc31ac0c6f4bb7d20a
10.3389/fpls.2016.01195,27555861,PMC4977911,s3://pmc-oa-opendata/PMC4977911.1/PMC4977911.1.xml?md5=25a67df77a7f88a6e5a8e7b00d985560
10.12659/msm.903048,28945699,PMC5628887,s3://pmc-oa-opendata/PMC5628887.1/PMC5628887.1.xml?md5=9070db5f8aebef0876ab084011fc3f26
10.1126/scitranslmed.3009443,25186179,PMC5450936,s3://pmc-oa-opendata/PMC5450936.1/PMC5450936.1.xml?md5=77f577c52fc299966a24f60b56cee161
10.1016/j.ijcard.2011.08.849,22030025,PMC3581775,s3://pmc-oa-opendata/PMC3581775.1/PMC3581775.1.xml?md5=e1d9469f877cffcbcedc1478fd4d1716
10.1038/srep13149,26289033,PMC4542341,s3://pmc-oa-opendata/PMC4542341.1/PMC4542341.1.xml?md5=8b34597b11ccd66075885eabf44fedc2
10.1158/0008-5472.CAN-09-2938,20103645,PMC2943744,s3://pmc-oa-opendata/PMC2943744.1/PMC2943744.1.xml?md5=7d357aef8aaaa533b505e3bf1e78b1b3
10.1056/NEJMoa1101324,21561345,PMC3197695,s3://pmc-oa-opendata/PMC3197695.1/PMC3197695.1.xml?md5=02b2af407b6ed3493d2ee45283cb2476
10.1038/srep03852,24458129,PMC3900933,s3://pmc-oa-opendata/PMC3900933.1/PMC3900933.1.xml?md5=fe47ec91bf15be200d71a3716616fff6
10.1371/journal.pone.0093905,24714506,PMC3979706,s3://pmc-oa-opendata/PMC3979706.1/PMC3979706.1.xml?md5=59dc98cd64f8491b3c01ec7f612a592d
10.1371/journal.pone.0069485,23922721,PMC3726697,s3://pmc-oa-opendata/PMC3726697.1/PMC3726697.1.xml?md5=fd486ac216f9c12e3ec5fb816be4a83a
10.1371/journal.pone.0020537,21673986,PMC3108612,s3://pmc-oa-opendata/PMC3108612.1/PMC3108612.1.xml?md5=e75bc2d37edae902884e306264fa8435
10.1371/journal.pone.0016068,21249152,PMC3020967,s3://pmc-oa-opendata/PMC3020967.1/PMC3020967.1.xml?md5=b28f573b044c0c6208d53f8193dd593a
10.3389/fncel.2017.00258,28932186,PMC5592740,s3://pmc-oa-opendata/PMC5592740.1/PMC5592740.1.xml?md5=7233216467fc64ef15ab7031e8694407
10.1158/0008-5472.CAN-09-0838,19531648,PMC2743468,s3://pmc-oa-opendata/PMC2743468.1/PMC2743468.1.xml?md5=2892bc5024b52f8a7f72da5edcb84c59
10.1158/0008-5472.CAN-09-4598,20388782,PMC2978024,s3://pmc-oa-opendata/PMC2978024.1/PMC2978024.1.xml?md5=f210544fe97a6a6e5923e8e84bf0a303
10.1158/1541-7786.MCR-10-0141,20826545,PMC2974017,s3://pmc-oa-opendata/PMC2974017.1/PMC2974017.1.xml?md5=8044786dcb33d16cf18a8b4bd34a7e19
10.1158/1940-6207.CAPR-10-0340,21490133,PMC3131433,s3://pmc-oa-opendata/PMC3131433.1/PMC3131433.1.xml?md5=2a80bd3f9c848841053840008c80b022
10.1158/0008-5472.CAN-10-3121,21127198,PMC3022089,s3://pmc-oa-opendata/PMC3022089.1/PMC3022089.1.xml?md5=7c6d7f59e04f0924c8a2be76a806b80f
10.18632/oncotarget.8289,27015119,PMC5077991,s3://pmc-oa-opendata/PMC5077991.1/PMC5077991.1.xml?md5=7a05c13c815d6a4ecbea8b234bbea306
10.1371/journal.pone.0096236,24801871,PMC4011703,s3://pmc-oa-opendata/PMC4011703.1/PMC4011703.1.xml?md5=237102484cf454a66b2ca8f64f5f1f75
10.1371/journal.pone.0067149,23840605,PMC3686768,s3://pmc-oa-opendata/PMC3686768.1/PMC3686768.1.xml?md5=d95b75569201314be82484863e7f0e99
10.1371/journal.pone.0133117,26186588,PMC4506050,s3://pmc-oa-opendata/PMC4506050.1/PMC4506050.1.xml?md5=b85b58931ffefbd0a862bf0a0a414e74
10.1038/srep22241,26915352,PMC4768089,s3://pmc-oa-opendata/PMC4768089.1/PMC4768089.1.xml?md5=a761b9152e79265468386fe7baea894d
10.1038/s41467-017-00508-5,28874658,PMC5585406,s3://pmc-oa-opendata/PMC5585406.1/PMC5585406.1.xml?md5=6cb64c6e2dafa99190df32a7a05bed5c
10.1371/journal.pone.0071127,23990930,PMC3750034,s3://pmc-oa-opendata/PMC3750034.1/PMC3750034.1.xml?md5=ec58a1d4375761a3a8059d706f03e989
10.1371/journal.pone.0054540,23382911,PMC3557260,s3://pmc-oa-opendata/PMC3557260.1/PMC3557260.1.xml?md5=edbe2fe52ef1bf0186ba07c04342f6b8
10.1155/2016/7258201,27239349,PMC4863104,s3://pmc-oa-opendata/PMC4863104.1/PMC4863104.1.xml?md5=298bfa61d3185525797d11d7d2b92031
10.1371/journal.pone.0083563,24358294,PMC3865184,s3://pmc-oa-opendata/PMC3865184.1/PMC3865184.1.xml?md5=64f36d60053051ac782f25fd59ed1b73
10.1021/jm901773d,20170185,PMC2841718,s3://pmc-oa-opendata/PMC2841718.1/PMC2841718.1.xml?md5=b85eeae3428833ec2bc5251e2b3c0774
10.1021/jm300015m,22468970,PMC3375382,s3://pmc-oa-opendata/PMC3375382.1/PMC3375382.1.xml?md5=8cbcf5d9fcf1256586b9039becaf34f1
10.1021/ac302855m,23140541,PMC3517722,s3://pmc-oa-opendata/PMC3517722.1/PMC3517722.1.xml?md5=614a4574692dc49f2c3cce905d6a11d1
10.1016/j.cell.2016.10.023,27839864,PMC5135586,s3://pmc-oa-opendata/PMC5135586.1/PMC5135586.1.xml?md5=fa737f24b38695dfc8a1e152501e426a
10.1016/j.canlet.2009.01.009,19231069,PMC3350786,s3://pmc-oa-opendata/PMC3350786.1/PMC3350786.1.xml?md5=a53f234f961d916881dc3004be105778
10.1016/j.canlet.2011.03.012,21463919,PMC3104092,s3://pmc-oa-opendata/PMC3104092.1/PMC3104092.1.xml?md5=eb72d9c568b381316925d9b6e974345f
10.1371/journal.pone.0010581,20498723,PMC2871795,s3://pmc-oa-opendata/PMC2871795.1/PMC2871795.1.xml?md5=60c77ef0ca906dbd75d3ba8dec650ca9
10.3892/ijmm.2017.3166,29039441,PMC5716436,s3://pmc-oa-opendata/PMC5716436.1/PMC5716436.1.xml?md5=6eafb842ec3f7c5313e9ef1dc76cc13b
10.1016/j.ijpharm.2012.05.025,22633904,PMC3573139,s3://pmc-oa-opendata/PMC3573139.1/PMC3573139.1.xml?md5=b5d755a1d4d2cc0db0f5544917d4abe8
10.7717/peerj.1588,27019772,PMC4806608,s3://pmc-oa-opendata/PMC4806608.1/PMC4806608.1.xml?md5=4c9109661bd0944234a438e497591f97
10.1242/bio.20134747,23862016,PMC3711036,s3://pmc-oa-opendata/PMC3711036.1/PMC3711036.1.xml?md5=29179de27755c6db7227f2c5a5fef388
10.1016/j.stemcr.2017.01.023,28238797,PMC5355679,s3://pmc-oa-opendata/PMC5355679.1/PMC5355679.1.xml?md5=0eb3169fda3a7f6639d110fde5902372
10.1186/2044-5040-2-6,22541644,PMC3356597,s3://pmc-oa-opendata/PMC3356597.1/PMC3356597.1.xml?md5=582e2f93bb862023994d6eed4fb0216c
10.1371/journal.pone.0028563,22174839,PMC3234273,s3://pmc-oa-opendata/PMC3234273.1/PMC3234273.1.xml?md5=1ca54ab1eb084218cda8d2b2a7a283a2
10.3126/nje.v6i4.17257,28804675,PMC5506388,s3://pmc-oa-opendata/PMC5506388.1/PMC5506388.1.xml?md5=c68219d26dfa6a345a7008fa4c1cce88
10.1002/cncr.29381,25823930,PMC4564998,s3://pmc-oa-opendata/PMC4564998.1/PMC4564998.1.xml?md5=e2b9eaa3dfa39d0656e03275e51a8e55
10.1371/journal.pone.0015773,21203472,PMC3008746,s3://pmc-oa-opendata/PMC3008746.1/PMC3008746.1.xml?md5=4f84b63d783ef38ddf2309466e3168f7
10.1016/j.canlet.2012.01.013,22261338,PMC3326199,s3://pmc-oa-opendata/PMC3326199.1/PMC3326199.1.xml?md5=50f204b7ec1aab82f70c00de697a8648
10.1021/acschembio.5b00632,26317848,PMC4775453,s3://pmc-oa-opendata/PMC4775453.1/PMC4775453.1.xml?md5=284afdc0380dada1f8670ac4dedff46e
10.7150/thno/v01p0003,21547151,PMC3086615,s3://pmc-oa-opendata/PMC3086615.1/PMC3086615.1.xml?md5=9236a0eccf78f6f768cc8cbcd6ab2ab6
10.1371/journal.pone.0034537,22509318,PMC3317980,s3://pmc-oa-opendata/PMC3317980.1/PMC3317980.1.xml?md5=c2369165b7e9a13fe9e56181710a56e2
10.1371/journal.pone.0043204,22912826,PMC3422285,s3://pmc-oa-opendata/PMC3422285.1/PMC3422285.1.xml?md5=2909f8befbdd4da9a43031c230669c3c
10.1155/2014/931850,24757683,PMC3976925,s3://pmc-oa-opendata/PMC3976925.1/PMC3976925.1.xml?md5=ac2fe5346e7dcf7d46432de2f44393ac
10.1016/j.cell.2015.10.031,26590423,PMC4675327,s3://pmc-oa-opendata/PMC4675327.2/PMC4675327.2.xml?md5=a51c7f9bc6682407df88d918fdf79be4
10.1242/bio.014712,26459241,PMC4958267,s3://pmc-oa-opendata/PMC4958267.1/PMC4958267.1.xml?md5=4534425a8f5e3ea0a0b87a992d6bd922
10.5713/ajas.2011.11336,25049607,PMC4093106,s3://pmc-oa-opendata/PMC4093106.1/PMC4093106.1.xml?md5=d044d2c868b58b32b423ef6934cc395a
10.1016/j.jad.2012.06.021,22963899,PMC3513629,s3://pmc-oa-opendata/PMC3513629.1/PMC3513629.1.xml?md5=66e586c682914a2a61b33b4b18f8cd81
10.4049/jimmunol.0903617,21357264,PMC3884622,s3://pmc-oa-opendata/PMC3884622.1/PMC3884622.1.xml?md5=2dcb9b7ff74dc5f67688aab0e81364f9
10.1158/0008-5472.CAN-12-1123,23204239,PMC4222512,s3://pmc-oa-opendata/PMC4222512.1/PMC4222512.1.xml?md5=d609888be59b0ad3b8bd875ea19631ad
10.1016/j.jad.2012.11.025,23261134,PMC3606663,s3://pmc-oa-opendata/PMC3606663.1/PMC3606663.1.xml?md5=c099f2e7f84ed81d446ceb9566e18577
10.1038/onc.2011.600,22249251,PMC3538879,s3://pmc-oa-opendata/PMC3538879.1/PMC3538879.1.xml?md5=9d9d7aefd1f6d7fef8a96741e9a9c137
10.1021/acs.biochem.5b00087,25714795,PMC4414064,s3://pmc-oa-opendata/PMC4414064.1/PMC4414064.1.xml?md5=7abf5a80a8111eb4e7ee1c04a3d53252
10.1371/journal.pone.0020152,21647453,PMC3102082,s3://pmc-oa-opendata/PMC3102082.1/PMC3102082.1.xml?md5=0bf86d734da22944aa89f500f3379218
10.3390/nu8080507,27548215,PMC4997420,s3://pmc-oa-opendata/PMC4997420.1/PMC4997420.1.xml?md5=6158a820e9a4f3ea305308a6de83ee19
10.4103/0976-3147.182779,27365963,PMC4898114,s3://pmc-oa-opendata/PMC4898114.1/PMC4898114.1.xml?md5=2ce0553e04cc1da08d4d1021b4e48dcd
10.1016/j.chembiol.2014.02.011,24656791,PMC4018233,s3://pmc-oa-opendata/PMC4018233.1/PMC4018233.1.xml?md5=a81fd08f069fdb9af0c7e02cb981404f
10.1074/jbc.M113.484253,23836916,PMC3745369,s3://pmc-oa-opendata/PMC3745369.1/PMC3745369.1.xml?md5=cd4f56f16f6573f10cebad7bb1fefc13
10.1002/ijc.23610,18528859,PMC3766317,s3://pmc-oa-opendata/PMC3766317.1/PMC3766317.1.xml?md5=6ee3e210b3067789e1c8e3b720e595f0
10.1002/ijc.25658,20824697,PMC3038845,s3://pmc-oa-opendata/PMC3038845.1/PMC3038845.1.xml?md5=b153ea54d22a59a98ad0580efd2fd447
10.1371/journal.pone.0164378,27736936,PMC5063353,s3://pmc-oa-opendata/PMC5063353.1/PMC5063353.1.xml?md5=bb43536c01141642ee7a434586746e58
10.1016/j.schres.2013.02.017,23566496,PMC3812915,s3://pmc-oa-opendata/PMC3812915.1/PMC3812915.1.xml?md5=8ceeb08c17efe5ead0f9b45c1472f4b0
10.3389/fpls.2016.00869,27458462,PMC4931734,s3://pmc-oa-opendata/PMC4931734.1/PMC4931734.1.xml?md5=f192a02b5b572fb73b3853b09971f072
10.4103/1477-3163.75723,21297922,PMC3030761,s3://pmc-oa-opendata/PMC3030761.1/PMC3030761.1.xml?md5=efa9fa2fea8e52a239cb6a7e99e76b7d
10.2337/db11-1388,22966070,PMC3526052,s3://pmc-oa-opendata/PMC3526052.1/PMC3526052.1.xml?md5=f775bdbcab1c570abc2aeaa94c70fe75
10.2337/db09-1907,21282367,PMC3046839,s3://pmc-oa-opendata/PMC3046839.1/PMC3046839.1.xml?md5=97ccce67d667c27b19647b75597b702d
10.1016/j.mito.2012.12.003,23261681,PMC3755107,s3://pmc-oa-opendata/PMC3755107.1/PMC3755107.1.xml?md5=b8576e497104227254b3c8065a14ca27
10.1016/j.celrep.2015.06.010,26119733,PMC4497839,s3://pmc-oa-opendata/PMC4497839.1/PMC4497839.1.xml?md5=b6a4db0d42b2c1f306182ab5c692c778
10.1158/0008-5472.CAN-08-4516,19622771,PMC2732120,s3://pmc-oa-opendata/PMC2732120.1/PMC2732120.1.xml?md5=eedd5daee9d9508aee4e18c0180ae928
10.1084/jem.20110680,21948082,PMC3201206,s3://pmc-oa-opendata/PMC3201206.1/PMC3201206.1.xml?md5=05c12bb1528e8d3218955cb99cd383f6
10.1016/j.bbabio.2012.09.016,23044393,PMC3498821,s3://pmc-oa-opendata/PMC3498821.1/PMC3498821.1.xml?md5=36b34f10dcac793348d96fa91eae38a3
10.1016/j.jad.2011.08.017,21925739,PMC3254216,s3://pmc-oa-opendata/PMC3254216.1/PMC3254216.1.xml?md5=7f28fb31cc1f704bdc4487381bb4db14
10.1162/jocn_a_00207,22332803,PMC4476284,s3://pmc-oa-opendata/PMC4476284.1/PMC4476284.1.xml?md5=d3602a2d6f445af1537c6c6e707a294f
10.1002/jcb.23150,21503965,PMC3155646,s3://pmc-oa-opendata/PMC3155646.1/PMC3155646.1.xml?md5=ae60b76fd562090268104349d5561649
10.1002/jcb.22323,19693769,PMC3757474,s3://pmc-oa-opendata/PMC3757474.1/PMC3757474.1.xml?md5=a4b2ecae1a90b50e42d024f09bd57d3a
10.1002/jcb.22770,20658545,PMC3792569,s3://pmc-oa-opendata/PMC3792569.1/PMC3792569.1.xml?md5=247b0935d51dd16c3d1ac0c497a0be64
10.1002/jcb.22523,20213764,PMC3093967,s3://pmc-oa-opendata/PMC3093967.1/PMC3093967.1.xml?md5=0b68b32a5faa53d83dc29e3c99ffe73a
10.1083/jcb.201504073,26553932,PMC4639868,s3://pmc-oa-opendata/PMC4639868.1/PMC4639868.1.xml?md5=70ca4d3f1aec8bd35a8b07bc545efe5b
10.1016/j.jconrel.2013.09.016,24075925,PMC6349364,s3://pmc-oa-opendata/PMC6349364.1/PMC6349364.1.xml?md5=a4da4f7b9739873d2fb7ee3f9eee8745
10.1120/jacmp.v16i2.5165,26103185,PMC5690092,s3://pmc-oa-opendata/PMC5690092.1/PMC5690092.1.xml?md5=1c281325c084b28f364c2bee61676f2a
10.1371/journal.pone.0121549,25807561,PMC4373694,s3://pmc-oa-opendata/PMC4373694.1/PMC4373694.1.xml?md5=5bc8a78d1d6ccf6e0913683575ac5c9b
10.1021/jf901301w,19722587,PMC2775434,s3://pmc-oa-opendata/PMC2775434.1/PMC2775434.1.xml?md5=73e19bfc13e8e5307ce29c67b4c43560
10.1155/2013/248476,23606984,PMC3623473,s3://pmc-oa-opendata/PMC3623473.1/PMC3623473.1.xml?md5=2522da6b2051a4ce14c8209f4e31b69a
10.3389/fpls.2012.00149,22783269,PMC3389762,s3://pmc-oa-opendata/PMC3389762.1/PMC3389762.1.xml?md5=c1f5bc60e3b2ed3070ff38bc6703eb9d
10.3389/fphar.2015.00313,26858642,PMC4729910,s3://pmc-oa-opendata/PMC4729910.1/PMC4729910.1.xml?md5=ee0229a49aa4b1edec446918837c84a5
10.3389/fnhum.2011.00181,22232589,PMC3252565,s3://pmc-oa-opendata/PMC3252565.1/PMC3252565.1.xml?md5=fe6367c4b94e1eb76d7e483300f68a8f
10.1002/jcp.24162,22806240,PMC3777743,s3://pmc-oa-opendata/PMC3777743.1/PMC3777743.1.xml?md5=3118e48101b1043b06747470e4f16735
10.1002/jcp.24036,22213426,PMC3323695,s3://pmc-oa-opendata/PMC3323695.1/PMC3323695.1.xml?md5=b042da6103e0d0bbfb9737443f1e5562
10.1111/j.1582-4934.2007.00207.x,18182067,PMC2730932,s3://pmc-oa-opendata/PMC2730932.2/PMC2730932.2.xml?md5=fe4b0a0cd42f18c7ab2621eec07296c1
10.1111/j.1582-4934.2006.tb00533.x,17125593,PMC3933086,s3://pmc-oa-opendata/PMC3933086.1/PMC3933086.1.xml?md5=90f0c96016a43c1ac5d6e6c111c5e960
10.1111/j.1582-4934.2007.00067.x,17760840,PMC3823257,s3://pmc-oa-opendata/PMC3823257.1/PMC3823257.1.xml?md5=ee5d7547fc7c3e7a14bafb4a3afc80fb
10.1289/ehp.7783,15929893,PMC1257595,s3://pmc-oa-opendata/PMC1257595.1/PMC1257595.1.xml?md5=fc2431aab4feb86b459947431f4d775a
10.1155/2013/163062,24319696,PMC3844227,s3://pmc-oa-opendata/PMC3844227.1/PMC3844227.1.xml?md5=8d3e4d95fe9bd3cc607e5fcc5f659373
10.4103/0366-6999.156131,25947405,PMC4831549,s3://pmc-oa-opendata/PMC4831549.1/PMC4831549.1.xml?md5=35446a4ebc0ccea127e1c8150719cb4e
10.1016/j.molcel.2011.08.019,21925392,PMC3176448,s3://pmc-oa-opendata/PMC3176448.1/PMC3176448.1.xml?md5=f41310e7e63491b665a88be9b00561f7
10.1523/JNEUROSCI.3442-11.2012,22219275,PMC3263206,s3://pmc-oa-opendata/PMC3263206.1/PMC3263206.1.xml?md5=28246f5c12511ac7f3c416abc48a7bc2
10.1523/JNEUROSCI.0372-13.2013,23616560,PMC3687534,s3://pmc-oa-opendata/PMC3687534.1/PMC3687534.1.xml?md5=1f64ab7955eabcfd015de79101fb73d0
10.1523/JNEUROSCI.4125-10.2011,21248137,PMC4476280,s3://pmc-oa-opendata/PMC4476280.1/PMC4476280.1.xml?md5=8ab589cfdee950adf36a3b62ba5295db
10.1523/JNEUROSCI.2052-10.2010,20685974,PMC2935640,s3://pmc-oa-opendata/PMC2935640.1/PMC2935640.1.xml?md5=60d01699b00b52c4398ed1f14d29aeeb
10.1021/mp3007133,23607566,PMC3973437,s3://pmc-oa-opendata/PMC3973437.1/PMC3973437.1.xml?md5=6e127e7f52605eddaf4edf7ae0785b7d
10.1021/mp2005164,22256989,PMC3311925,s3://pmc-oa-opendata/PMC3311925.1/PMC3311925.1.xml?md5=a7fc9dc0ae9d0e0b4a526cc91cae3480
10.1186/1744-8069-8-3,22236461,PMC3285045,s3://pmc-oa-opendata/PMC3285045.1/PMC3285045.1.xml?md5=026d112678b5f2f704a975d1d6a4e191
10.1016/j.molimm.2007.05.011,17597212,PMC1995235,s3://pmc-oa-opendata/PMC1995235.1/PMC1995235.1.xml?md5=9f340e6cf1ec69269c408fc8b80f8db5
10.2337/db08-1287,19136650,PMC2661595,s3://pmc-oa-opendata/PMC2661595.1/PMC2661595.1.xml?md5=814f899eeb0dc00e83d4c5411eea82a4
10.1007/s00294-015-0553-3,26762634,PMC4978426,s3://pmc-oa-opendata/PMC4978426.1/PMC4978426.1.xml?md5=7ffbed75a19f4f9bf0333752e06c0717
10.1007/s11064-010-0282-4,20981485,PMC3011042,s3://pmc-oa-opendata/PMC3011042.1/PMC3011042.1.xml?md5=c2748ed14a45efdb09aa9cf3d19fe66f
10.3858/emm.2012.44.10.067,22847454,PMC3490080,s3://pmc-oa-opendata/PMC3490080.1/PMC3490080.1.xml?md5=3cd7db5183180deee9684912ccaa4a4a
10.1084/jem.20072416,18411340,PMC2373840,s3://pmc-oa-opendata/PMC2373840.1/PMC2373840.1.xml?md5=314258a69a26ecb68fd00a051dcf9d09
10.1038/tp.2011.27,22832605,PMC3309508,s3://pmc-oa-opendata/PMC3309508.1/PMC3309508.1.xml?md5=c1f38c07cdb6f69a917b7ee82f909b53
10.1084/jem.186.7.1119,9314560,PMC2199065,s3://pmc-oa-opendata/PMC2199065.1/PMC2199065.1.xml?md5=70e058b72d6727c942f2e0aa65b2f989
10.1084/jem.181.2.793,7530764,PMC2191881,s3://pmc-oa-opendata/PMC2191881.1/PMC2191881.1.xml?md5=4fb847bbabf3e49e9374caf03d35c20e
10.4161/onci.1.2.18241,22720261,PMC3376981,s3://pmc-oa-opendata/PMC3376981.1/PMC3376981.1.xml?md5=6af1300d98034a45c306bc8cc1587758
10.1038/onc.2008.419,19015639,PMC2636853,s3://pmc-oa-opendata/PMC2636853.1/PMC2636853.1.xml?md5=94b238d0f5291179b8e48b3ec10d1187
10.1111/jnc.12153,23336521,PMC3606672,s3://pmc-oa-opendata/PMC3606672.1/PMC3606672.1.xml?md5=8a88b28588d9882fa641fdef1c9e105e
10.1186/1471-2202-13-50,22621398,PMC3464147,s3://pmc-oa-opendata/PMC3464147.1/PMC3464147.1.xml?md5=ae0b0aed4989ce3b17e435e2651bc8b6
10.1017/S146114570900025X,19400979,PMC2738976,s3://pmc-oa-opendata/PMC2738976.1/PMC2738976.1.xml?md5=852d14a605c52fd1bf27646edfdf0dbe
10.1186/1742-2094-8-101,21846384,PMC3175175,s3://pmc-oa-opendata/PMC3175175.1/PMC3175175.1.xml?md5=dc81b4eddf0b46bb3dd2c27c1941e500
10.1038/jcbfm.2010.111,20664612,PMC2992106,s3://pmc-oa-opendata/PMC2992106.1/PMC2992106.1.xml?md5=126985ce2a7e894305dedbb76a59ea2d
10.3233/JAD-2011-110002,21743130,PMC3188700,s3://pmc-oa-opendata/PMC3188700.1/PMC3188700.1.xml?md5=3cc3b6aa4715d5146ee066189a9e4e6f
10.1186/1471-2202-10-123,19785755,PMC2762981,s3://pmc-oa-opendata/PMC2762981.1/PMC2762981.1.xml?md5=af4b5bc65e9d580229453734a695c897
10.1016/j.surg.2011.12.014,22284765,PMC3331939,s3://pmc-oa-opendata/PMC3331939.1/PMC3331939.1.xml?md5=3b93f479a2d19a47e8cac74da26a95ff
10.1128/EC.00028-15,26002719,PMC4486676,s3://pmc-oa-opendata/PMC4486676.1/PMC4486676.1.xml?md5=b96cf897dc0f7af44b65ef26db830d3b
10.4317/medoral.18068,23229248,PMC3613887,s3://pmc-oa-opendata/PMC3613887.1/PMC3613887.1.xml?md5=d40d4ed9f6a5b17308c5678e293ef588
10.1016/j.str.2014.01.007,24560806,PMC3984384,s3://pmc-oa-opendata/PMC3984384.1/PMC3984384.1.xml?md5=cf5dd117e10f9bccbc266cd7a83c5d6f
10.1186/1742-4690-9-S2-P362,24502228,PMC4234363,s3://pmc-oa-opendata/PMC4234363.1/PMC4234363.1.xml?md5=8d3a40492144c53ca167cb97f299955b
10.1177/0956797612464380,23572280,PMC4450974,s3://pmc-oa-opendata/PMC4450974.1/PMC4450974.1.xml?md5=951d29cfb83aa526bdf557698a616be9
10.1186/1742-4690-3-22,16603085,PMC1483830,s3://pmc-oa-opendata/PMC1483830.1/PMC1483830.1.xml?md5=f819cd72128da7cc9ce964ad564bf531
10.1177/1933719108324132,19088369,PMC2729333,s3://pmc-oa-opendata/PMC2729333.1/PMC2729333.1.xml?md5=151f15c1babcf888908be9f0d8a04c52
10.1371/journal.ppat.1002062,21695245,PMC3111544,s3://pmc-oa-opendata/PMC3111544.1/PMC3111544.1.xml?md5=c836bf3759cc9294585b305970f421b4
10.1371/journal.ppat.1003435,23785291,PMC3681747,s3://pmc-oa-opendata/PMC3681747.1/PMC3681747.1.xml?md5=ab8355ad721012a5a0a84d216eaea7af
10.1371/journal.ppat.1000915,20502687,PMC2873918,s3://pmc-oa-opendata/PMC2873918.1/PMC2873918.1.xml?md5=d8b89860b1f646754f6b7c7f40cac47a
10.1186/1477-7827-1-125,14678567,PMC317376,s3://pmc-oa-opendata/PMC317376.1/PMC317376.1.xml?md5=4b5d9c7337d0eb1f5dd63ae900816b0c
10.1371/journal.pone.0097700,24892677,PMC4043680,s3://pmc-oa-opendata/PMC4043680.1/PMC4043680.1.xml?md5=c2cb4eb2cbad3f37aa7305a908a85a6f
10.1371/journal.pone.0031943,22384107,PMC3285187,s3://pmc-oa-opendata/PMC3285187.1/PMC3285187.1.xml?md5=58a675c02f27bc559c74785619068a84
10.1371/journal.pone.0094830,24756087,PMC3995674,s3://pmc-oa-opendata/PMC3995674.1/PMC3995674.1.xml?md5=c2d6307c79495639f91e29524d1fb03a
10.1371/journal.pone.0090951,24608129,PMC3946578,s3://pmc-oa-opendata/PMC3946578.1/PMC3946578.1.xml?md5=08bf28350839cf582c9035115bc65b42
10.1016/j.stem.2013.08.010,24209761,PMC3861239,s3://pmc-oa-opendata/PMC3861239.1/PMC3861239.1.xml?md5=2b5ec5594753560675f7dc12b57f97f8
10.1371/journal.pone.0062178,23614030,PMC3629101,s3://pmc-oa-opendata/PMC3629101.1/PMC3629101.1.xml?md5=ee14e86955fdcf2c6bde045336eec187
10.1038/nature12785,24305048,PMC3886898,s3://pmc-oa-opendata/PMC3886898.1/PMC3886898.1.xml?md5=f1e26bc360451a63a692467953c0cbe5
10.1371/journal.pone.0075046,24116023,PMC3792944,s3://pmc-oa-opendata/PMC3792944.1/PMC3792944.1.xml?md5=7021309c114c9288c7727e0f955c23a9
10.1371/journal.pone.0075928,24098407,PMC3788032,s3://pmc-oa-opendata/PMC3788032.1/PMC3788032.1.xml?md5=fd1010269f863d0a95a431cdacb66703
10.1371/journal.pone.0019652,21625550,PMC3098254,s3://pmc-oa-opendata/PMC3098254.1/PMC3098254.1.xml?md5=ae2417edcbb5b39adba7cc8098ee0684
10.1371/journal.pone.0013512,20976071,PMC2957445,s3://pmc-oa-opendata/PMC2957445.1/PMC2957445.1.xml?md5=d3f5e703779b328f65ba184f8e2f87a1
10.1371/journal.pone.0014163,21152405,PMC2994777,s3://pmc-oa-opendata/PMC2994777.1/PMC2994777.1.xml?md5=292f15b4e95351b44e5f01b70d5e8954
10.1100/2012/345983,22593675,PMC3349135,s3://pmc-oa-opendata/PMC3349135.1/PMC3349135.1.xml?md5=713d7406273142601513fd1de22a5efb
10.1038/srep24172,27072064,PMC4829832,s3://pmc-oa-opendata/PMC4829832.1/PMC4829832.1.xml?md5=f5c25863ee266d2519d9600cb4a184fb
10.1371/journal.pgen.1003361,23555281,PMC3605217,s3://pmc-oa-opendata/PMC3605217.1/PMC3605217.1.xml?md5=df9d71fa509229fbdf2e18eeae74b766
10.4103/0259-1162.158010,26712967,PMC4683477,s3://pmc-oa-opendata/PMC4683477.1/PMC4683477.1.xml?md5=31ed71d0d1e6384b090bc4183b339da7
10.1158/0008-5472.CAN-12-2033,23492364,PMC3655088,s3://pmc-oa-opendata/PMC3655088.1/PMC3655088.1.xml?md5=308a85e17ce2ee5ba941c21c1841e4ac
10.1158/0008-5472.CAN-07-6828,18632654,PMC2475646,s3://pmc-oa-opendata/PMC2475646.1/PMC2475646.1.xml?md5=45552b296f78e2e5af6f3d823b112925
10.1186/ar3466,21933391,PMC3308080,s3://pmc-oa-opendata/PMC3308080.1/PMC3308080.1.xml?md5=587fa969835c7c6a08ec613ff0f4bbcf
10.1038/sj.bjc.6602837,16234815,PMC2361683,s3://pmc-oa-opendata/PMC2361683.1/PMC2361683.1.xml?md5=4681e52cb391979a5f0b010a55e64967
10.1161/ATVBAHA.110.210427,20829510,PMC3203842,s3://pmc-oa-opendata/PMC3203842.1/PMC3203842.1.xml?md5=3e872f70d4df46bff4027a1d31aa372f
10.1155/2013/782450,24078924,PMC3771264,s3://pmc-oa-opendata/PMC3771264.1/PMC3771264.1.xml?md5=9f0307fa0f3b0b8c2116eb4c40f0d5dd
10.1155/2014/479180,24987684,PMC4058490,s3://pmc-oa-opendata/PMC4058490.1/PMC4058490.1.xml?md5=e0b8b0cbbdbf09bc8afcfdf712c91f0a
10.1016/j.bcp.2010.01.023,20105430,PMC2846982,s3://pmc-oa-opendata/PMC2846982.1/PMC2846982.1.xml?md5=ca5fda4c624c06f2736a4f78943d5124
10.1016/j.bcp.2009.08.007,19682434,PMC3181149,s3://pmc-oa-opendata/PMC3181149.1/PMC3181149.1.xml?md5=61a6ff459a163a5f7f06a6f85e61ecf8
10.1016/j.bcp.2010.06.022,20599780,PMC2923254,s3://pmc-oa-opendata/PMC2923254.1/PMC2923254.1.xml?md5=0084b18e49917b5d8a683a22fc5bff00
10.1016/j.bcp.2011.07.062,21820422,PMC3191321,s3://pmc-oa-opendata/PMC3191321.1/PMC3191321.1.xml?md5=a6e092345ad9b08ca6ec3e2c8e7fd254
10.1042/BJ20112024,22621320,PMC3408049,s3://pmc-oa-opendata/PMC3408049.1/PMC3408049.1.xml?md5=a3d23cc650f6daf282c247bebea0b8a7
10.1016/j.bbr.2014.02.052,24632471,PMC4162858,s3://pmc-oa-opendata/PMC4162858.1/PMC4162858.1.xml?md5=b16834a7925d8ba8db3fddcc7935ed4c
10.3758/s13414-012-0292-1,22477058,PMC4491304,s3://pmc-oa-opendata/PMC4491304.1/PMC4491304.1.xml?md5=1d79092830f26ed41c9e809d0d635119
10.1083/jcb.200712078,18606846,PMC2447897,s3://pmc-oa-opendata/PMC2447897.1/PMC2447897.1.xml?md5=a68b2b95b34f5eddf114e110557c03ad
10.1083/jcb.200507083,16401724,PMC2063553,s3://pmc-oa-opendata/PMC2063553.1/PMC2063553.1.xml?md5=c20182656ae24f9e92ac07366d6ae5e2
10.1083/jcb.200501040,16157701,PMC2171446,s3://pmc-oa-opendata/PMC2171446.1/PMC2171446.1.xml?md5=d4a6aacb3858788b2fabfef4ee3b2a33
10.1083/jcb.146.4.791,10459014,PMC2156135,s3://pmc-oa-opendata/PMC2156135.1/PMC2156135.1.xml?md5=901b8cb4663bccc6fdab2f86a096cf2b
10.1186/1742-2094-11-13,24447880,PMC3976090,s3://pmc-oa-opendata/PMC3976090.1/PMC3976090.1.xml?md5=ab4df6184e87f0fed7fb2a8e57073c26
10.1186/1471-2172-12-63,22074389,PMC3226545,s3://pmc-oa-opendata/PMC3226545.1/PMC3226545.1.xml?md5=c037fc01a7997b44284caa89f2f76b2f
10.1186/1472-6750-11-2,21210990,PMC3023689,s3://pmc-oa-opendata/PMC3023689.1/PMC3023689.1.xml?md5=97036652e4f0c1a0a680a378ea6d17a8
10.1016/j.cmet.2011.11.001,22152304,PMC3240844,s3://pmc-oa-opendata/PMC3240844.1/PMC3240844.1.xml?md5=42f47a8df6af54b6194836a3e1cf58f0
10.1016/j.cmet.2011.09.008,22019085,PMC3229915,s3://pmc-oa-opendata/PMC3229915.1/PMC3229915.1.xml?md5=a7dced255a10b49f11b1250903d6b8e5
10.1016/j.cmet.2010.12.003,21195349,PMC3035985,s3://pmc-oa-opendata/PMC3035985.1/PMC3035985.1.xml?md5=a30aa0ea1bf5aa989b3009f868eb51ca
10.1158/1055-9965.EPI-10-0091,20332269,PMC2864144,s3://pmc-oa-opendata/PMC2864144.1/PMC2864144.1.xml?md5=ad94090ebb471cd428629b52712ce1cb
10.1016/j.cell.2009.03.047,19524507,PMC2766609,s3://pmc-oa-opendata/PMC2766609.1/PMC2766609.1.xml?md5=7fd08e17255dca57553a6a4262e73b0b
10.1016/j.cell.2010.06.020,20655472,PMC2911635,s3://pmc-oa-opendata/PMC2911635.1/PMC2911635.1.xml?md5=662515bc5e28dcb3825c17dad2db68e2
10.1016/j.cell.2011.07.007,21816272,PMC3151530,s3://pmc-oa-opendata/PMC3151530.1/PMC3151530.1.xml?md5=a96665dbac01ba03556b3330af7a3d86
10.1016/j.cell.2011.03.052,21565394,PMC3110672,s3://pmc-oa-opendata/PMC3110672.1/PMC3110672.1.xml?md5=cf88ab62ca5f538ef1732858fe58d502
10.1016/j.cell.2010.09.025,20933261,PMC2966532,s3://pmc-oa-opendata/PMC2966532.1/PMC2966532.1.xml?md5=9f3a5f84aff282368bcff0a75cc789aa
10.1021/nn103585f,21696150,PMC3860367,s3://pmc-oa-opendata/PMC3860367.1/PMC3860367.1.xml?md5=c414d860b59bc9251a9941dd79f1bb26
10.1002/jcb.21852,18636547,PMC2593467,s3://pmc-oa-opendata/PMC2593467.1/PMC2593467.1.xml?md5=5098a589ecc54407d2c1d8ba121420d5
